data_sn,refresh
1,218.2360702
2,223.4312722
3,230.0269801
4,226.4831714
5,230.8911836
6,228.7679168
7,231.30844
8,223.21233019999997
9,224.6315557
10,231.80199040000002
11,237.7548898
12,241.8344656
13,241.4486148
14,240.5296083
15,250.4379878
16,213.0186444
17,212.3812965
18,203.393383
19,205.68079740000002
20,201.0658896
21,209.7946933
22,217.1132958
23,211.19975380000002
24,221.97355679999998
25,215.3837849
26,226.0819878
27,239.8574951
28,240.22863900000002
29,245.0673293
30,242.6370832
31,246.242894
32,237.6880502
33,250.1152341
34,240.3113001
35,246.9774858
36,240.8158758
37,238.67562630000003
38,243.1365818
39,238.1837966
40,242.6390045
41,237.13609590000002
42,250.57559930000002
43,247.5714645
44,233.1464841
45,231.2352941
46,223.47662519999997
47,223.24846000000002
48,217.83995130000002
49,235.6251713
50,238.0573449
51,236.7453732
52,235.7148875
53,236.4502998
54,239.658796
55,234.12647909999998
56,232.2179071
57,232.8211694
58,231.86928390000003
59,228.2431224
60,230.99494190000001
61,233.4815702
62,230.55079930000002
63,230.6704904
64,230.0643644
65,231.683638
66,239.2368279
67,233.9154582
68,235.9127483
69,234.3972872
70,234.2495529
71,235.2997918
72,218.62268219999996
73,224.1174674
74,222.40421009999997
75,223.34726439999997
76,222.89868819999998
77,217.5616517
78,206.8849309
79,202.4966355
80,210.22295469999997
81,219.9568965
82,212.11805180000002
83,211.0075985
84,203.2319087
85,203.0889805
86,200.6598663
87,230.9413449
88,231.70667459999999
89,235.43814
90,234.41597259999998
91,228.56984649999998
92,232.2288751
93,221.28782940000002
94,219.94554100000002
95,223.2821892
96,235.12207599999996
97,237.55294130000001
98,236.07239040000002
99,235.25490519999997
100,202.4958919
101,200.53437480000002
102,205.5132472
103,230.5837893
104,231.02274900000003
105,223.83025519999995
106,223.11197940000002
107,218.9141516
108,232.2842611
109,239.0800042
110,242.2884804
111,221.3648426
112,225.35036910000002
113,253.9366478
114,256.9761935
115,254.64800490000002
116,258.44624780000004
117,224.19546040000003
118,221.58891859999997
119,235.4130393
120,235.37607400000002
121,235.3616184
122,260.57978629999997
123,266.54138309999996
124,263.3452214
125,265.2020739
126,239.14109150000002
127,236.1363813
128,257.0660068
129,256.15690809999995
130,257.002463
131,255.7203003
132,260.2027531
133,260.4632345
134,259.09783250000004
135,246.34672519999998
136,252.92669139999998
137,248.8271991
138,255.54546749999997
139,247.4288858
140,252.31516409999998
141,258.31625479999997
142,257.0189276
143,253.87263280000002
144,261.783575
145,254.5731452
146,259.2759889
147,256.7523903
148,258.30841890000005
149,260.5252327
150,194.05200469999997
151,259.2461852
152,262.3743275
153,198.1035803
154,228.9677014
155,222.89299509999998
156,216.21862740000003
157,187.9805993
158,216.4700446
159,227.9609942
160,213.15370319999997
161,212.35805519999997
162,225.76170630000001
163,228.99275209999996
164,226.0253126
165,221.39309619999997
166,213.5459308
167,220.1226099
168,224.2899454
169,210.85284819999998
170,236.86996090000002
171,230.2217444
172,227.00864390000004
173,234.6887372
174,232.65011349999997
175,235.34694819999999
176,236.4537824
177,236.7452671
178,224.5910339
179,227.37110189999999
180,231.3660304
181,214.76992489999998
182,216.98325950000003
183,221.29057880000002
184,211.53055559999999
185,224.2982107
186,217.36877510000002
187,208.9386196
188,230.7759614
189,220.7422558
190,215.78760069999998
191,210.8095211
192,223.28015
193,217.6154772
194,225.33761069999997
195,215.59146780000003
196,222.0124838
197,228.61269240000001
198,223.7926642
199,226.5037143
200,222.88402030000003
201,217.52622110000001
202,212.3899149
203,223.3436061
204,213.08039240000002
205,217.04896980000004
206,232.76722030000002
207,212.2860724
208,215.2105776
209,220.08771659999996
210,223.44497180000005
211,227.7843797
212,225.30334580000002
213,224.7423406
214,225.51722599999997
215,251.8280028
216,248.51503390000002
217,253.85919469999996
218,238.92785120000002
219,241.8109466
220,239.1586794
221,242.3664991
222,238.83502180000002
223,239.8598086
224,242.92836969999996
225,241.05428450000002
226,232.22241659999997
227,236.2583502
228,236.1659023
229,234.3745588
230,233.003876
231,257.0397597
232,237.91219449999997
233,241.59711099999998
234,228.7329136
235,220.4764767
236,222.3197969
237,220.86792430000003
238,221.4344199
239,228.50230750000003
240,229.2281482
241,230.22351380000003
242,233.1244321
243,227.7159833
244,226.63308790000002
245,232.7232378
246,229.2428482
247,224.2106909
248,221.95245469999998
249,226.34892209999998
250,230.1135458
251,227.8003761
252,240.6574171
253,244.4313009
254,240.7570429
255,243.96995930000003
256,247.8933847
257,232.5896361
258,227.84607999999997
259,233.4309835
260,224.0447551
261,235.2659827
262,242.86513080000003
263,243.43031980000004
264,240.31181919999997
265,244.5196545
266,253.56146710000002
267,252.63308270000002
268,245.2934494
269,243.6038912
270,235.1417063
271,252.8052645
272,233.91941549999999
273,245.8590769
274,251.7566267
275,250.52171639999997
276,243.69571769999996
277,244.19966459999998
278,236.66386469999998
279,243.19865640000003
280,246.93686340000002
281,249.88640049999998
282,265.5852997
283,267.0466872
284,265.57388050000003
285,256.1609859
286,254.23384900000002
287,252.8369159
288,250.7267153
289,268.54181889999995
290,270.18075189999996
291,263.950498
292,263.1721176
293,221.8334571
294,224.65686380000002
295,227.78725809999997
296,253.60485789999998
297,258.70919419999996
298,255.63135010000002
299,262.0046825
300,257.4675618
301,263.6667415
302,258.2818269
303,247.17803430000004
304,252.39034139999998
305,254.30033650000001
306,239.69467740000002
307,253.62470330000002
308,244.73723859999998
309,250.3599901
310,249.85936319999996
311,259.3263639
312,256.2322862
313,258.3456497
314,254.6697236
315,254.82251549999998
316,267.8614548
317,271.5653278
318,269.369304
319,271.5890349
320,274.3647742
321,272.40144489999994
322,270.3720895
323,268.790954
324,269.7476379
325,269.4588227
326,238.13904900000003
327,236.4314932
328,236.4357185
329,257.7727358
330,265.89618870000004
331,267.19533870000004
332,242.3729602
333,234.9524286
334,242.2053989
335,249.72685409999997
336,251.55201890000004
337,241.5857326
338,249.85461400000003
339,246.37257909999997
340,264.4642705
341,260.0147172
342,259.7825073
343,264.0802747
344,257.4776696
345,261.0360723
346,260.7772681
347,260.9912353
348,243.2687497
349,248.1762458
350,240.0437611
351,244.17214159999997
352,236.36705319999996
353,251.62527909999997
354,256.09008430000006
355,255.2020403
356,257.0487829
357,259.5613344
358,263.6747789
359,245.2463932
360,245.7452391
361,249.46643030000004
362,245.99605559999998
363,250.3782551
364,244.05366690000002
365,245.61435719999997
366,256.9076194
367,257.9527971
368,258.8574911
369,260.7394405
370,265.9118173
371,269.1149109
372,264.6862091
373,270.2453367
374,255.6302815
375,256.0076152
376,256.4701676
377,252.58579790000002
378,254.1354603
379,256.4076333
380,255.9680663
381,263.3731039
382,263.823454
383,266.7422379
384,275.0002588
385,275.417144
386,271.5022277
387,269.4476856
388,231.7982773
389,250.2216903
390,253.7300982
391,243.4392242
392,250.80113509999998
393,240.9617878
394,256.4520608
395,244.8293969
396,251.07569610000002
397,270.85649900000004
398,278.16805719999996
399,274.4243087
400,277.365473
401,276.5677776
402,275.507003
403,241.07561349999997
404,247.94607960000002
405,248.3941088
406,253.4091225
407,254.1220411
408,256.3003203
409,257.5904383
410,250.7294651
411,254.9785849
412,250.0292266
413,236.0852529
414,244.98063080000003
415,267.3275612
416,261.3462012
417,266.09892090000005
418,217.70569849999998
419,224.49831519999998
420,220.65068939999998
421,219.8700316
422,220.60326990000002
423,216.50281719999998
424,217.97624
425,212.55027709999996
426,233.9225507
427,228.43879359999997
428,201.4022956
429,200.74723640000002
430,209.85254680000003
431,188.3935386
432,193.51151950000002
433,179.87225769999998
434,182.90365690000002
435,203.03694119999997
436,233.00287630000003
437,232.3403762
438,221.6510293
439,233.47884580000002
440,230.27604169999998
441,229.9764031
442,232.9529372
443,200.13136
444,205.867551
445,195.9653065
446,196.0223852
447,214.93905690000003
448,215.3687696
449,214.09930359999998
450,217.61720269999998
451,213.32202169999996
452,222.0043373
453,216.87654019999997
454,215.1584727
455,210.4354505
456,213.8598662
457,222.23567590000002
458,221.66740890000003
459,217.7273159
460,218.72639569999998
461,220.96485959999998
462,207.88767990000002
463,222.7149278
464,217.6001057
465,219.64794359999996
466,239.07694700000002
467,236.07947090000002
468,238.27073030000003
469,241.23681430000002
470,244.5100545
471,210.8774321
472,215.03544399999998
473,223.45721780000002
474,218.9124213
475,229.3385051
476,228.75515180000002
477,234.2142464
478,226.2002716
479,229.7685324
480,229.16064419999998
481,227.7300543
482,226.76845519999998
483,226.990523
484,224.4178581
485,244.28887740000002
486,245.19531030000002
487,239.37493590000003
488,232.60278419999997
489,224.2131514
490,230.0737443
491,250.86959080000003
492,250.2662112
493,248.0978906
494,247.210938
495,198.6309543
496,240.67767659999998
497,235.5661739
498,219.15629769999998
499,221.62126329999998
500,223.00380159999997
501,219.12735240000004
502,229.5567434
503,219.3789628
504,227.7590106
505,222.49132430000003
506,219.2551381
507,215.41302799999997
508,222.88067999999998
509,215.8676134
510,238.04060919999998
511,242.5839897
512,243.0516074
513,244.6788559
514,244.1812607
515,224.3501801
516,226.38189790000004
517,226.00498109999998
518,224.12457200000003
519,225.22934390000003
520,219.8374029
521,230.6335531
522,227.8858696
523,230.84387990000002
524,245.1278847
525,243.6079835
526,241.78854680000003
527,227.11916340000002
528,227.7866597
529,221.6272869
530,223.4894106
531,226.5185523
532,226.65894100000003
533,221.45194840000002
534,218.278246
535,217.8556812
536,204.25079230000003
537,205.5753398
538,206.79694019999997
539,240.5354591
540,231.669825
541,238.7429429
542,232.1868244
543,231.65410609999998
544,231.8316634
545,226.7702557
546,231.73691659999997
547,233.95283030000002
548,229.69581200000002
549,222.11416400000002
550,228.3421206
551,246.52319640000002
552,243.29898819999997
553,240.91773990000002
554,237.1263759
555,238.6211113
556,231.9383112
557,236.36176099999997
558,250.7687238
559,248.3905793
560,253.9227951
561,233.0249212
562,244.16763280000004
563,236.7498852
564,232.42602599999998
565,252.74538739999997
566,248.6805399
567,231.5936985
568,232.4380709
569,231.28159930000004
570,244.57518109999998
571,235.44901030000003
572,228.7091656
573,226.0137904
574,205.4502023
575,214.8420667
576,233.801629
577,242.50409680000004
578,227.4604151
579,211.32805209999998
580,219.63042740000003
581,229.61341409999997
582,232.60431180000003
583,226.434402
584,216.47209049999998
585,215.88025330000002
586,210.9320568
587,214.08042360000002
588,208.8492113
589,235.2069324
590,234.7400168
591,225.11693169999998
592,217.78668399999998
593,211.4878966
594,221.0902425
595,215.8906253
596,223.5416299
597,239.1922457
598,227.9191531
599,219.8433185
600,220.7653176
601,221.5362147
602,236.376887
603,232.9991023
604,232.41032369999996
605,230.8171956
606,236.1437315
607,225.82768680000004
608,232.00066
609,234.42325780000002
610,228.9187483
611,258.15595030000003
612,260.2099096
613,257.211186
614,246.474533
615,248.89653360000003
616,247.41455290000002
617,244.3981151
618,255.4074634
619,243.88935299999997
620,245.5501614
621,246.62345789999998
622,235.7802257
623,233.72748790000003
624,236.18458419999996
625,235.90441569999996
626,231.1401757
627,221.5779537
628,221.3285318
629,217.55675109999999
630,221.1601557
631,214.68366459999996
632,221.0086523
633,247.9825844
634,241.03764180000002
635,253.8866548
636,228.8040636
637,229.08391180000004
638,233.6780556
639,259.72344580000004
640,261.1182473
641,236.22781150000003
642,245.47812030000003
643,243.974777
644,242.71750150000003
645,264.7524435
646,266.40812059999996
647,246.79389369999998
648,251.21720219999997
649,247.0293605
650,252.6478056
651,250.0844608
652,256.5505438
653,234.98899530000003
654,239.0406693
655,230.89619249999998
656,255.9048374
657,257.53177819999996
658,253.667158
659,245.5890102
660,245.01494359999998
661,246.5507489
662,237.46594249999998
663,246.86399980000002
664,239.87748480000002
665,219.6058679
666,226.6436067
667,223.21323030000002
668,214.5714054
669,214.3389943
670,244.87082430000004
671,245.23046839999998
672,237.34569539999998
673,231.60191009999997
674,222.0078109
675,212.2878216
676,257.195779
677,255.38272880000002
678,241.2116498
679,232.7023281
680,236.70021690000002
681,235.67667769999997
682,237.90672969999997
683,247.7456788
684,249.4847665
685,241.9113125
686,250.22330490000002
687,241.6923804
688,209.06245380000001
689,233.80114669999998
690,229.37578760000002
691,230.3473654
692,240.7963749
693,241.54719280000003
694,224.0780259
695,229.0067923
696,221.80983450000002
697,255.86657030000003
698,247.71613540000004
699,247.6805804
700,250.82628619999997
701,237.28415919999998
702,233.6605472
703,235.45941690000004
704,231.4640364
705,241.4967796
706,243.58692779999998
707,240.8523974
708,237.7061509
709,250.91792220000002
710,231.72905780000002
711,235.3130008
712,235.54354190000004
713,245.2109009
714,236.06153540000003
715,243.4624471
716,240.20299559999998
717,242.16558450000002
718,239.5648634
719,242.9099574
720,261.2983076
721,251.115956
722,254.21524469999997
723,252.21957659999998
724,247.2888287
725,249.2490287
726,254.88440740000001
727,258.59222059999996
728,257.34148680000004
729,246.5038357
730,252.5722869
731,246.3421608
732,235.8509683
733,237.39665159999998
734,235.98863500000002
735,230.229837
736,235.87219649999997
737,237.06403619999998
738,221.32532819999997
739,214.686797
740,208.03330480000002
741,260.4594431
742,255.08328230000004
743,245.7557012
744,251.80618019999997
745,250.78066280000002
746,251.9413133
747,242.3533557
748,250.31529359999996
749,255.81687599999998
750,252.51998480000003
751,255.9576584
752,238.1040932
753,247.50115780000002
754,248.41209049999998
755,247.93923680000003
756,212.6791498
757,216.16637000000003
758,227.9772491
759,224.5174368
760,225.08147459999998
761,250.66180150000002
762,246.72456090000003
763,250.21381430000002
764,258.1857958
765,251.1743906
766,263.1788321
767,253.90372999999997
768,223.05824390000004
769,224.5997216
770,217.99296439999998
771,221.19038419999998
772,212.699311
773,258.58410630000003
774,260.3000069
775,259.0821559
776,264.4562193
777,250.7592137
778,253.26959330000003
779,255.1282499
780,242.2598502
781,255.5345085
782,270.0506535
783,270.58718730000004
784,268.4268326
785,264.945574
786,273.0026955
787,262.8248188
788,264.90790919999995
789,259.40970350000003
790,261.0169016
791,263.3689208
792,282.5241249
793,276.1839001
794,274.83459799999997
795,264.83037909999996
796,259.05714309999996
797,262.8638284
798,259.74764680000004
799,262.6189411
800,242.91946009999998
801,251.23803540000003
802,243.2045162
803,254.249948
804,253.7029318
805,254.1392675
806,247.9555389
807,253.09230580000002
808,247.0275526
809,253.39558509999998
810,262.2844638
811,261.6408249
812,267.03533280000005
813,272.2546833
814,274.8441126
815,274.91589589999995
816,263.4008329
817,261.8545372
818,262.00320899999997
819,244.75936459999997
820,249.22337709999996
821,245.73784669999998
822,272.3488172
823,274.86859169999997
824,273.0813649
825,275.4495425
826,272.85531660000004
827,278.8448997
828,265.710856
829,258.74888980000003
830,260.38831519999997
831,259.57152
832,257.61400449999996
833,264.9002003
834,249.2177566
835,243.60044930000004
836,240.06257599999998
837,242.96848709999998
838,237.6024778
839,246.2402482
840,245.4827707
841,246.1211824
842,245.63442200000003
843,229.84637519999998
844,231.5801712
845,231.41686600000003
846,252.8796523
847,245.8736559
848,251.1505878
849,244.694093
850,245.2381355
851,246.07749410000002
852,241.90960819999998
853,262.4694263
854,248.3379071
855,243.27921400000002
856,250.1889713
857,260.9341044
858,255.9246523
859,256.1147962
860,229.87646859999998
861,242.9607614
862,230.5885059
863,243.68948840000002
864,238.31934980000003
865,248.59458659999999
866,262.79611669999997
867,262.55548980000003
868,260.8389211
869,255.07122400000003
870,250.2613275
871,248.15907709999996
872,235.504791
873,241.9782471
874,246.93191749999997
875,239.999156
876,230.64652969999997
877,225.3862841
878,229.7943502
879,228.88167169999997
880,222.63474669999997
881,242.83892459999998
882,240.0870805
883,235.48580930000003
884,230.01469989999998
885,229.7502304
886,263.9344904
887,260.65043990000004
888,241.320514
889,244.2420286
890,241.97925409999996
891,242.0806934
892,240.4785827
893,237.76901329999998
894,237.72209980000002
895,242.8165748
896,239.53651319999997
897,240.0809628
898,233.0547037
899,240.4667703
900,234.13163959999997
901,238.8025895
902,231.75244610000001
903,219.7387449
904,225.4542607
905,219.30412310000003
906,239.7392008
907,238.7972644
908,240.6513566
909,224.52885279999998
910,221.7366917
911,222.14315750000003
912,230.6440423
913,253.05184509999998
914,253.85464019999998
915,240.78089530000003
916,236.0033394
917,241.49565389999998
918,237.73633250000003
919,249.4061518
920,243.6072296
921,245.4095043
922,233.5974501
923,231.26059709999998
924,232.6024826
925,230.60124219999997
926,235.7617525
927,231.6117046
928,236.4836645
929,239.35065550000002
930,240.2578936
931,223.66842430000003
932,222.32001659999997
933,225.97594680000003
934,254.07075079999998
935,248.7104392
936,235.3019286
937,238.6607251
938,242.566335
939,236.7435897
940,236.77143900000002
941,226.206246
942,225.0603273
943,220.80605930000004
944,225.62961090000002
945,219.23841389999998
946,247.3505969
947,247.0135012
948,239.30375550000002
949,229.5567434
950,224.98824109999998
951,231.020927
952,231.49744339999998
953,235.88372569999999
954,257.36213300000003
955,250.7141028
956,245.3408875
957,231.43323990000002
958,238.64310350000002
959,240.36272569999997
960,246.79611430000003
961,244.70210559999998
962,245.8108569
963,240.235955
964,241.10836919999997
965,242.92381540000002
966,244.21535
967,250.8324728
968,243.7011773
969,254.41277909999997
970,242.80728230000003
971,249.46695019999999
972,249.57989359999996
973,247.54653849999997
974,245.2377069
975,241.7271301
976,244.4520517
977,258.8567024
978,243.81796690000002
979,238.9760747
980,243.21627180000004
981,240.00680950000003
982,257.8647154
983,253.02056230000002
984,259.1576852
985,250.49129969999998
986,249.33718760000002
987,246.91412319999998
988,250.71349300000003
989,267.0104758
990,260.9165912
991,244.85383280000002
992,240.22384790000004
993,241.71185950000003
994,263.3446551
995,262.0946285
996,248.092218
997,250.95203650000002
998,247.6013758
999,244.6620462
1000,253.8710753
1001,246.0730145
1002,245.09284419999997
1003,235.3724742
1004,233.5011225
1005,232.30534780000002
1006,226.3833962
1007,227.84388199999998
1008,225.5071261
1009,229.8087179
1010,202.6404326
1011,202.79356069999997
1012,203.4772324
1013,202.90617659999998
1014,204.5117854
1015,222.1806223
1016,224.95754900000003
1017,220.74483430000004
1018,223.13914029999998
1019,220.3611753
1020,220.3873152
1021,224.5450313
1022,217.91615869999998
1023,217.877618
1024,213.8650372
1025,227.86476569999996
1026,225.2908702
1027,217.8043358
1028,222.44023790000003
1029,224.2327269
1030,232.59621409999997
1031,224.08986180000002
1032,224.4851383
1033,225.28922930000002
1034,229.40875269999998
1035,228.92244490000002
1036,231.4247981
1037,225.75555580000002
1038,233.573881
1039,198.52046
1040,202.1649267
1041,199.7221401
1042,218.6922137
1043,215.36209159999999
1044,215.47461769999995
1045,211.1917278
1046,214.67778419999996
1047,218.431446
1048,212.44025699999997
1049,206.4597681
1050,204.10248959999998
1051,203.08571659999998
1052,199.15761840000002
1053,209.0007882
1054,210.9474773
1055,213.0426925
1056,211.7044085
1057,213.37389159999998
1058,209.5244945
1059,233.6591485
1060,235.60357059999998
1061,230.52965690000002
1062,236.39992149999998
1063,239.24622909999997
1064,238.0556926
1065,240.3592793
1066,241.46190269999997
1067,246.38953840000002
1068,239.01324010000002
1069,233.41725449999998
1070,232.6935262
1071,243.84184900000002
1072,251.00459139999998
1073,249.71072949999999
1074,251.41052369999997
1075,246.94484100000003
1076,229.68864309999998
1077,231.80262090000002
1078,229.20890260000002
1079,230.2013613
1080,224.871152
1081,226.45494900000003
1082,231.47915330000004
1083,232.85670809999996
1084,214.69003590000003
1085,227.9795815
1086,222.5477761
1087,230.1483812
1088,230.58975890000002
1089,222.75948819999996
1090,232.8837111
1091,228.15461409999997
1092,229.9740525
1093,230.6198895
1094,219.25271380000004
1095,222.04097969999998
1096,223.885006
1097,218.2176441
1098,225.80425559999998
1099,220.86119559999997
1100,224.0549065
1101,227.4902398
1102,216.5864055
1103,220.6297165
1104,238.21723070000002
1105,249.9437619
1106,234.7892492
1107,250.7435876
1108,230.1674972
1109,230.1674972
1110,226.3781702
1111,226.3781702
1112,224.93028360000002
1113,224.93028360000002
1114,222.45938199999998
1115,222.45938199999998
1116,239.0627409
1117,239.0627409
1118,244.2370139
1119,244.2370139
1120,235.2496062
1121,235.2496062
1122,246.42210150000002
1123,246.42210150000002
1124,233.07025130000002
1125,233.07025130000002
1126,244.6088121
1127,244.6088121
1128,245.75520550000002
1129,245.75520550000002
1130,243.1795285
1131,243.1795285
1132,245.8001707
1133,245.8001707
1134,243.60024730000004
1135,243.60024730000004
1136,224.78599590000002
1137,224.78599590000002
1138,219.66846119999997
1139,219.66846119999997
1140,204.72368659999998
1141,204.72368659999998
1142,209.47237919999998
1143,209.47237919999998
1144,211.28370159999997
1145,211.28370159999997
1146,213.3273571
1147,213.3273571
1148,231.2566227
1149,231.2566227
1150,234.0036417
1151,234.0036417
1152,222.169766
1153,222.169766
1154,231.0846613
1155,231.0846613
1156,225.55962680000002
1157,225.55962680000002
1158,226.1853238
1159,226.1853238
1160,222.51968390000002
1161,222.51968390000002
1162,227.52850460000002
1163,227.52850460000002
1164,242.13439240000002
1165,242.13439240000002
1166,248.5038395
1167,248.5038395
1168,250.1377194
1169,250.1377194
1170,249.3699312
1171,249.3699312
1172,230.52585040000002
1173,230.52585040000002
1174,221.9280569
1175,221.9280569
1176,226.67591370000002
1177,226.67591370000002
1178,220.7724863
1179,220.7724863
1180,214.3375829
1181,214.3375829
1182,223.3599455
1183,223.3599455
1184,209.8227251
1185,209.8227251
1186,221.6610624
1187,221.6610624
1188,210.9197398
1189,210.9197398
1190,223.94880600000002
1191,223.94880600000002
1192,235.1078421
1193,235.1078421
1194,238.06515589999998
1195,238.06515589999998
1196,224.47111740000003
1197,224.47111740000003
1198,238.2477598
1199,238.2477598
1200,225.75735840000002
1201,225.75735840000002
1202,236.1502318
1203,236.1502318
1204,228.76942799999998
1205,225.7196943
1206,217.18197560000002
1207,217.018213
1208,216.93351040000002
1209,228.82186370000002
1210,229.6101844
1211,225.79318700000002
1212,250.18816659999996
1213,249.1438401
1214,246.5080077
1215,242.3902804
1216,238.61130079999998
1217,234.61155630000002
1218,234.3962755
1219,236.2673659
1220,236.2673243
1221,232.9655279
1222,239.2004394
1223,239.5156988
1224,235.5125591
1225,236.4448211
1226,238.07153990000003
1227,235.9265335
1228,234.0706028
1229,208.3809779
1230,235.17977480000002
1231,239.48887390000002
1232,237.3639155
1233,237.96690209999997
1234,241.33046370000002
1235,238.0854591
1236,242.403692
1237,222.20008509999997
1238,222.5698611
1239,225.7100725
1240,218.95686630000003
1241,228.83902200000003
1242,242.43874879999998
1243,242.97979080000002
1244,237.79564269999997
1245,243.4912142
1246,240.24795690000002
1247,219.5779829
1248,217.6667813
1249,217.3785492
1250,249.06726380000003
1251,236.2830412
1252,234.29817400000002
1253,230.5673392
1254,234.55969590000004
1255,241.5763247
1256,240.680013
1257,238.85408540000003
1258,229.6355765
1259,230.3946581
1260,226.9787129
1261,217.55639759999997
1262,221.04163540000002
1263,218.5817329
1264,224.04201260000002
1265,219.2963637
1266,223.5677897
1267,232.5253449
1268,233.16264840000002
1269,240.67148369999998
1270,241.8834076
1271,245.49464080000004
1272,241.65343810000002
1273,251.3427582
1274,233.2414749
1275,230.1798653
1276,239.87342310000002
1277,233.50884900000003
1278,228.07096919999998
1279,223.2714048
1280,223.31794969999999
1281,236.29164559999998
1282,230.67789309999998
1283,239.3895524
1284,237.2297438
1285,236.4331747
1286,236.17351060000001
1287,220.5870977
1288,219.19372400000003
1289,221.62911749999998
1290,248.31077630000001
1291,239.04233689999998
1292,238.975261
1293,249.3067634
1294,242.96577889999998
1295,238.81709750000002
1296,239.83802450000002
1297,240.55875719999997
1298,237.5826978
1299,231.28555730000002
1300,231.04257400000003
1301,231.17603870000002
1302,223.1857673
1303,222.77824700000002
1304,226.57476859999997
1305,223.4658346
1306,231.20114339999998
1307,250.3165901
1308,255.5413665
1309,248.79769900000002
1310,257.4364978
1311,244.0502128
1312,253.59733939999998
1313,231.0248071
1314,237.232243
1315,232.4810724
1316,235.8657624
1317,224.15618849999998
1318,218.9511937
1319,221.5085318
1320,240.58423369999997
1321,232.38721719999998
1322,232.78594139999998
1323,222.64438739999997
1324,226.47436869999999
1325,238.40642069999998
1326,244.1989347
1327,242.38456910000002
1328,240.67602200000002
1329,228.4425711
1330,230.5913048
1331,233.47581949999997
1332,235.1110228
1333,240.0590795
1334,233.7689335
1335,240.10880079999998
1336,231.9364891
1337,231.38411340000002
1338,233.4903574
1339,248.4326978
1340,235.20402969999998
1341,229.971106
1342,225.77099950000002
1343,231.04611980000004
1344,226.09734269999996
1345,235.8789083
1346,236.5015298
1347,236.12831
1348,233.7770755
1349,243.9934523
1350,228.7466353
1351,228.43569469999997
1352,237.01629930000001
1353,230.6594139
1354,229.61777830000003
1355,231.3535068
1356,235.912573
1357,236.6562616
1358,234.4365319
1359,236.9623346
1360,233.3401337
1361,240.4764744
1362,243.4144259
1363,242.6882376
1364,239.59278450000002
1365,215.0293986
1366,219.1231228
1367,221.48322480000002
1368,227.9782826
1369,230.4866887
1370,224.60065469999998
1371,231.1976327
1372,226.7726134
1373,230.4112986
1374,232.2523609
1375,231.3021193
1376,224.1086374
1377,228.9895188
1378,229.9994906
1379,231.9033358
1380,230.66473059999998
1381,230.4789393
1382,239.2172707
1383,242.3858049
1384,232.0171087
1385,241.91384739999998
1386,221.0372469
1387,213.0417128
1388,223.29307880000002
1389,211.50749590000004
1390,220.50891030000003
1391,238.1702165
1392,235.67583760000002
1393,237.2696109
1394,236.9644712
1395,240.1335019
1396,236.54163849999998
1397,234.71436699999998
1398,235.90819419999997
1399,240.47272599999997
1400,240.38973190000002
1401,247.28249849999997
1402,218.5250469
1403,213.26313939999997
1404,215.657503
1405,214.0147059
1406,200.8258298
1407,205.37985580000003
1408,217.61296230000002
1409,219.11859869999998
1410,244.2043884
1411,246.72456580000002
1412,243.286982
1413,242.94319669999996
1414,250.8305738
1415,232.1751364
1416,228.01486200000002
1417,222.85988319999998
1418,225.6603248
1419,215.08053430000004
1420,216.7789281
1421,209.0166394
1422,218.35270330000003
1423,230.843543
1424,240.97552230000002
1425,235.46078250000002
1426,241.0578953
1427,241.9614779
1428,240.1861846
1429,224.17080319999997
1430,225.4830247
1431,229.61168700000002
1432,224.0464531
1433,232.161767
1434,248.00291769999995
1435,249.868552
1436,250.03696090000003
1437,240.56613230000002
1438,241.62706809999997
1439,235.80943849999997
1440,254.67389029999998
1441,253.863294
1442,255.55129780000001
1443,256.2983111
1444,252.02135159999997
1445,257.925856
1446,234.30754680000004
1447,238.74579210000002
1448,239.5989675
1449,249.4800324
1450,246.46301069999998
1451,248.2460049
1452,244.15925840000003
1453,252.7455985
1454,257.7908392
1455,253.5480719
1456,254.4273346
1457,255.5414712
1458,252.444698
1459,259.07398390000003
1460,245.75758019999998
1461,250.59863900000002
1462,246.01061009999998
1463,237.5702122
1464,226.0442321
1465,226.55458019999998
1466,224.39182630000002
1467,220.4054631
1468,213.9488027
1469,217.2449233
1470,220.1160898
1471,207.4894729
1472,206.5434618
1473,212.02973369999998
1474,195.4821515
1475,194.844166
1476,196.35886519999997
1477,216.0073744
1478,216.0689272
1479,220.15631769999996
1480,213.19475669999997
1481,218.153282
1482,212.6287496
1483,223.8437313
1484,218.3709531
1485,215.59302940000003
1486,215.8636747
1487,214.36869049999999
1488,220.8658621
1489,220.83655359999997
1490,212.82851890000003
1491,210.08048369999997
1492,207.77899250000002
1493,214.2947676
1494,218.058696
1495,221.5831184
1496,207.156382
1497,204.83824219999997
1498,197.0213689
1499,201.96461340000002
1500,194.1775773
1501,210.1696653
1502,210.8482613
1503,208.25127980000002
1504,215.7008653
1505,226.1534924
1506,230.61395389999998
1507,221.35809210000002
1508,233.14586809999997
1509,228.9512695
1510,223.99754469999996
1511,225.43563219999996
1512,228.65640580000002
1513,224.6038373
1514,229.87040269999997
1515,229.2888807
1516,229.1393495
1517,217.1466591
1518,218.01715819999998
1519,213.7481517
1520,214.03248680000002
1521,222.12314249999997
1522,224.05272639999998
1523,215.2435787
1524,217.1044292
1525,215.9677841
1526,208.3961114
1527,225.6574364
1528,225.1802616
1529,227.91346890000003
1530,226.67129300000002
1531,230.4029286
1532,209.705828
1533,217.50933270000002
1534,219.80648309999998
1535,223.21180959999998
1536,220.3545038
1537,219.67394720000001
1538,215.7306131
1539,222.65852
1540,217.0601095
1541,223.997148
1542,222.0354496
1543,219.5574037
1544,221.62521490000003
1545,217.927883
1546,210.30461699999998
1547,212.18588730000002
1548,219.41845580000003
1549,218.70289669999997
1550,223.5686154
1551,218.104846
1552,217.3666128
1553,212.69381690000003
1554,216.5853986
1555,216.2608006
1556,218.0930333
1557,223.2480417
1558,223.5220796
1559,215.94646040000003
1560,223.1349761
1561,222.263
1562,222.6848824
1563,219.56006319999997
1564,219.33754950000002
1565,212.4178991
1566,208.3292942
1567,204.0114485
1568,206.13121940000002
1569,202.8524837
1570,208.31692230000002
1571,210.4589464
1572,206.7553138
1573,211.15326409999997
1574,205.22385559999998
1575,206.17247890000002
1576,198.0766591
1577,207.05705030000001
1578,209.81918030000003
1579,211.9331187
1580,210.36133030000002
1581,212.01926690000002
1582,201.9265141
1583,203.4310314
1584,199.0668947
1585,206.3998741
1586,199.4745063
1587,205.1466736
1588,209.7390027
1589,207.9297008
1590,207.2882546
1591,207.82493440000002
1592,208.53929130000003
1593,203.6972242
1594,200.5286024
1595,200.33623290000003
1596,197.4795331
1597,201.3699114
1598,203.76031650000002
1599,200.00390819999998
1600,196.76165469999998
1601,202.4549249
1602,199.2907574
1603,203.7489142
1604,195.5420284
1605,194.6032457
1606,189.423885
1607,194.5462554
1608,187.19807360000001
1609,190.1045934
1610,191.9504355
1611,183.1439498
1612,219.5693378
1613,201.5928257
1614,208.50138619999998
1615,196.0695915
1616,201.0832446
1617,201.9469532
1618,189.0160981
1619,196.3497445
1620,201.245404
1621,190.8180145
1622,203.0752088
1623,205.4582912
1624,207.8432561
1625,203.63162130000003
1626,207.82239769999998
1627,208.3071122
1628,207.3786224
1629,180.9707427
1630,219.03748199999998
1631,219.23931140000002
1632,214.34767050000002
1633,221.7368812
1634,209.77840120000002
1635,208.13040890000002
1636,211.6647937
1637,211.89623500000002
1638,199.3294871
1639,195.035865
1640,193.868516
1641,197.4099009
1642,193.72126719999997
1643,189.8582906
1644,195.04063469999997
1645,190.08530109999998
1646,214.3852037
1647,207.6294348
1648,207.2428176
1649,203.4299833
1650,206.7032341
1651,207.50160549999998
1652,208.58777659999998
1653,207.42675659999998
1654,211.48609309999998
1655,210.1102169
1656,218.2263127
1657,212.40875699999998
1658,212.98331910000002
1659,212.46888819999998
1660,211.4531969
1661,203.214503
1662,203.9179101
1663,193.4272735
1664,201.5387587
1665,190.4324572
1666,204.8961354
1667,203.59643369999998
1668,208.8891173
1669,207.31878989999998
1670,208.88882619999998
1671,208.51539509999998
1672,194.5295829
1673,200.6551682
1674,205.2645317
1675,208.27458959999998
1676,205.19511830000002
1677,192.42839819999998
1678,194.32849199999998
1679,193.5918114
1680,206.41271310000002
1681,194.26149669999998
1682,202.6710417
1683,194.81318269999997
1684,203.81873149999998
1685,187.13580149999999
1686,204.1859798
1687,214.7038096
1688,210.9927685
1689,214.10996180000004
1690,198.6088821
1691,202.5312966
1692,200.87212
1693,209.5397723
1694,219.69044920000002
1695,219.2425542
1696,221.65319469999997
1697,219.8825548
1698,212.8361676
1699,210.85554249999998
1700,213.2158469
1701,209.6124074
1702,215.0030625
1703,213.4217917
1704,203.9555632
1705,205.9189756
1706,202.3805334
1707,213.32714330000002
1708,208.5628534
1709,206.7727677
1710,198.7290607
1711,197.4772929
1712,226.6212853
1713,222.2197543
1714,227.8619866
1715,224.96855449999998
1716,233.59733849999998
1717,226.04572059999998
1718,217.72964109999998
1719,237.13790649999999
1720,229.26676290000003
1721,231.1515849
1722,233.91452369999996
1723,233.0467355
1724,226.56807769999998
1725,235.6218463
1726,235.3003124
1727,229.8863861
1728,226.96500130000004
1729,233.83312290000003
1730,235.2825668
1731,220.4932665
1732,216.09745139999998
1733,221.08318939999998
1734,217.53810130000002
1735,219.0313818
1736,214.0580869
1737,222.94929280000002
1738,226.0950852
1739,225.567894
1740,226.39803250000003
1741,222.5786235
1742,224.8044128
1743,219.4355145
1744,244.9710004
1745,241.3532236
1746,243.9324807
1747,242.345586
1748,232.1520762
1749,234.61873599999998
1750,237.9218131
1751,241.8086941
1752,239.7591492
1753,217.8020557
1754,216.1086866
1755,220.71888149999998
1756,233.05190519999996
1757,230.1911799
1758,229.54020649999998
1759,227.8230509
1760,221.8858369
1761,220.3686124
1762,213.48404900000003
1763,218.3177727
1764,209.1572476
1765,238.5948009
1766,238.99031430000002
1767,239.6863857
1768,234.3093619
1769,222.8850951
1770,226.94377110000002
1771,226.7979998
1772,210.4694247
1773,213.7044556
1774,221.3934404
1775,222.9477558
1776,215.91032169999997
1777,220.3748319
1778,227.96009109999997
1779,222.0919341
1780,222.7173352
1781,218.7356105
1782,219.39487549999998
1783,221.8705809
1784,222.8216611
1785,234.92292700000002
1786,235.2526293
1787,235.84565099999998
1788,234.78978270000002
1789,210.2764212
1790,224.744073
1791,228.6526924
1792,228.86602290000002
1793,239.60757880000003
1794,233.71371499999998
1795,227.6392365
1796,228.16857599999997
1797,233.6823347
1798,236.5606235
1799,232.09873109999998
1800,235.7116776
1801,236.11326150000002
1802,221.7249365
1803,218.6150495
1804,217.33755130000003
1805,218.7735356
1806,216.0020712
1807,222.3553847
1808,217.00327230000002
1809,214.3844506
1810,216.8962656
1811,210.09398140000002
1812,221.2318295
1813,210.6147464
1814,216.2958971
1815,215.78309280000002
1816,209.9287905
1817,213.4052449
1818,203.4791742
1819,220.21438799999999
1820,220.01776459999996
1821,220.34495980000003
1822,224.17029559999997
1823,219.0669753
1824,221.9647534
1825,214.4037864
1826,212.19460069999997
1827,226.62175319999997
1828,220.03712430000002
1829,216.9844674
1830,219.0522972
1831,219.25348760000003
1832,215.8334196
1833,219.69492569999997
1834,216.75169300000002
1835,218.57393059999998
1836,202.65867360000001
1837,203.9857331
1838,209.305904
1839,214.94476919999997
1840,212.7893108
1841,218.33482059999997
1842,217.19902090000002
1843,223.051451
1844,221.9973329
1845,219.50257200000001
1846,231.5865366
1847,225.89015469999998
1848,231.53703849999997
1849,213.6294236
1850,215.69215309999998
1851,209.24485869999998
1852,202.2594904
1853,212.60200809999998
1854,205.01779109999998
1855,212.55234449999998
1856,203.1610568
1857,217.0016756
1858,206.7196528
1859,204.71052769999997
1860,202.83053619999998
1861,212.36218250000002
1862,210.67080269999997
1863,214.0093353
1864,215.28828109999998
1865,217.2776139
1866,214.86866899999998
1867,216.9249954
1868,214.94100919999997
1869,211.82501000000002
1870,213.8683703
1871,203.0757274
1872,207.0637051
1873,207.9530908
1874,224.46246430000002
1875,220.993946
1876,223.97654939999998
1877,203.575523
1878,204.3049013
1879,199.0753479
1880,197.1765796
1881,200.8127112
1882,208.1931646
1883,211.93441349999998
1884,208.12750419999998
1885,205.7220053
1886,196.36606619999998
1887,205.1565496
1888,211.0542883
1889,214.57551580000003
1890,214.732598
1891,201.4021861
1892,207.4127926
1893,209.3119508
1894,220.18112090000002
1895,218.3266313
1896,222.005244
1897,221.2566046
1898,225.97287400000002
1899,220.73376749999997
1900,205.2169599
1901,209.2031703
1902,207.21893799999998
1903,209.6537746
1904,223.8258222
1905,227.36990350000002
1906,220.8391731
1907,219.42588109999997
1908,220.9595406
1909,230.954014
1910,228.7454537
1911,226.68404590000003
1912,231.63564019999998
1913,221.86284049999998
1914,225.25321269999998
1915,225.50520899999998
1916,229.73264019999996
1917,227.99717330000001
1918,220.73262340000002
1919,220.81220159999998
1920,223.27179219999996
1921,231.07238450000003
1922,224.01170750000003
1923,228.76317310000002
1924,227.9782397
1925,224.3444912
1926,211.26694980000002
1927,206.24364690000002
1928,216.4513453
1929,210.80197180000005
1930,218.25789
1931,225.92756780000002
1932,230.0329486
1933,229.63833430000003
1934,231.9425542
1935,214.7664216
1936,213.04338930000003
1937,212.3794793
1938,203.79558740000002
1939,217.34947110000002
1940,226.2894045
1941,220.81428050000002
1942,222.8379964
1943,225.6758437
1944,213.20299159999996
1945,216.5860156
1946,220.1018046
1947,219.20740409999996
1948,218.3065856
1949,223.463737
1950,206.5600694
1951,203.81394469999998
1952,202.807251
1953,253.17082969999998
1954,251.84301290000002
1955,250.97635530000002
1956,250.3515149
1957,237.3261349
1958,239.6750437
1959,239.3487685
1960,251.55494199999998
1961,239.11807579999999
1962,240.7392534
1963,237.89715759999999
1964,241.48052769999998
1965,237.66448259999999
1966,216.57190830000002
1967,217.1724188
1968,244.1761734
1969,241.06655550000002
1970,245.2541171
1971,244.44012659999999
1972,249.19552149999998
1973,248.3018047
1974,245.16181559999998
1975,241.5639309
1976,240.50957519999997
1977,237.7769926
1978,245.347536
1979,251.65641949999997
1980,253.51401659999996
1981,254.4389741
1982,254.0380953
1983,250.14844010000002
1984,250.1627088
1985,249.1075048
1986,244.4610776
1987,231.9006925
1988,220.72051890000003
1989,235.95498650000002
1990,225.27252369999997
1991,232.52375940000002
1992,245.55992909999998
1993,244.8503918
1994,246.25202969999998
1995,237.872221
1996,238.61222990000002
1997,227.3433603
1998,231.06716040000003
1999,223.37663769999997
2000,250.04351549999998
2001,246.0956358
2002,248.8548108
2003,250.05322519999999
2004,260.59388340000004
2005,252.65323590000003
2006,215.5506349
2007,217.4567953
2008,215.66502400000002
2009,217.2816344
2010,215.9387546
2011,216.420643
2012,209.61455159999997
2013,198.0364592
2014,203.3540937
2015,203.1140112
2016,213.49429249999997
2017,218.8050232
2018,215.7261792
2019,217.9311361
2020,217.97723430000002
2021,214.99678109999996
2022,215.8957386
2023,214.4931983
2024,219.90873030000003
2025,214.21488119999998
2026,208.7654324
2027,207.7907189
2028,215.2590247
2029,209.8437162
2030,219.7093056
2031,218.49029649999997
2032,215.2083455
2033,215.13865519999996
2034,215.459355
2035,211.3647827
2036,207.23558169999998
2037,209.28142739999998
2038,213.94624680000004
2039,255.92306200000002
2040,230.9619693
2041,228.9324606
2042,210.9410744
2043,209.4712635
2044,212.7667393
2045,211.524181
2046,211.05714730000003
2047,228.0364962
2048,225.1549224
2049,233.1746014
2050,228.18120530000004
2051,209.5771947
2052,211.1229233
2053,216.3595562
2054,216.7510576
2055,215.09257979999998
2056,203.63975
2057,212.15797149999997
2058,202.3640682
2059,227.7174501
2060,221.9510043
2061,214.3310502
2062,226.2838937
2063,215.94914590000002
2064,222.72001859999997
2065,223.54274069999997
2066,235.6969565
2067,207.1630716
2068,211.4129599
2069,212.4696364
2070,213.993888
2071,216.40994480000003
2072,218.0028855
2073,197.6634321
2074,231.84564590000002
2075,236.09887769999997
2076,220.2153125
2077,177.93404219999996
2078,220.31110669999998
2079,220.36708240000002
2080,219.2254202
2081,203.12126659999998
2082,227.9892182
2083,232.57238199999998
2084,215.41583590000002
2085,222.0296588
2086,216.3256855
2087,219.48182110000002
2088,211.98482140000002
2089,198.8292118
2090,192.0402556
2091,219.72068330000002
2092,217.80979920000001
2093,184.1600149
2094,205.0846358
2095,222.5546739
2096,225.54692340000003
2097,215.2994438
2098,221.84401519999997
2099,223.79087919999998
2100,226.0146606
2101,223.49272620000002
2102,225.59720330000002
2103,221.7207755
2104,219.08209330000003
2105,215.07654130000003
2106,231.29636380000002
2107,235.77663080000002
2108,236.4158795
2109,233.80916200000001
2110,221.624361
2111,216.8744712
2112,217.05530330000002
2113,218.6017643
2114,215.5422798
2115,216.2652215
2116,210.8401414
2117,216.147481
2118,210.6239846
2119,221.8342065
2120,221.39466869999998
2121,223.29583080000003
2122,223.08108109999998
2123,226.61212909999998
2124,214.8389437
2125,214.9243824
2126,213.0496153
2127,214.7043989
2128,215.65726400000003
2129,223.89137659999997
2130,223.2801002
2131,222.46914249999998
2132,220.7033855
2133,216.054125
2134,214.80080319999996
2135,225.04456890000003
2136,219.2773406
2137,219.60947819999996
2138,224.9117344
2139,217.29937280000001
2140,224.743106
2141,217.0346079
2142,224.35516280000002
2143,230.31255240000002
2144,228.1428017
2145,229.2388276
2146,229.46630719999996
2147,220.14796319999996
2148,219.475325
2149,222.01100719999997
2150,235.7244567
2151,233.1522162
2152,200.78758359999998
2153,204.0572961
2154,197.97048869999998
2155,210.06036540000002
2156,213.2353816
2157,207.773763
2158,213.1157784
2159,215.5631335
2160,207.1360156
2161,210.7815608
2162,201.82814150000002
2163,200.5841017
2164,197.54580990000002
2165,209.99295809999998
2166,205.7967382
2167,214.16285630000002
2168,211.36072689999997
2169,211.45415130000004
2170,210.55069069999996
2171,201.1993218
2172,195.77301780000002
2173,203.9537785
2174,218.1274358
2175,211.89988140000003
2176,217.6023741
2177,211.3733045
2178,205.23946819999998
2179,208.9640479
2180,208.1485115
2181,205.7696041
2182,209.6708878
2183,210.19397290000003
2184,212.5031895
2185,188.84294599999998
2186,195.7313084
2187,191.85341830000002
2188,199.00101840000002
2189,194.9696915
2190,200.69889799999999
2191,209.73042909999998
2192,205.5357208
2193,209.76408450000002
2194,210.5059503
2195,209.0778707
2196,207.7672782
2197,199.1528847
2198,205.1307625
2199,210.2417434
2200,215.5236219
2201,217.7139659
2202,231.2912722
2203,233.93479109999998
2204,231.99980719999996
2205,235.8696097
2206,228.9449415
2207,221.49337000000003
2208,229.9409574
2209,222.9138924
2210,219.29160380000002
2211,219.09403089999998
2212,219.48411980000003
2213,223.66410730000004
2214,220.3783064
2215,222.71875740000002
2216,220.0485469
2217,220.51897540000002
2218,215.8605918
2219,220.50052209999998
2220,230.1091866
2221,228.86440660000002
2222,228.2719097
2223,223.5212818
2224,221.53572400000002
2225,221.6857355
2226,218.3183661
2227,222.67322819999995
2228,216.6930894
2229,219.4107056
2230,214.0281244
2231,221.9545952
2232,215.3997424
2233,226.1146117
2234,219.7900801
2235,215.55338569999998
2236,229.96683450000003
2237,227.81222569999997
2238,223.53894780000002
2239,224.8628031
2240,206.709119
2241,198.75589399999998
2242,209.9659245
2243,201.718651
2244,201.7657854
2245,211.49242719999998
2246,211.31828969999998
2247,203.8205255
2248,205.5512813
2249,198.8133264
2250,199.9806804
2251,196.50024480000002
2252,196.2944761
2253,216.50756859999998
2254,216.1704869
2255,216.3325406
2256,201.7835427
2257,200.3403678
2258,207.1191065
2259,214.63423619999998
2260,217.26697290000004
2261,215.8649833
2262,202.84954950000002
2263,209.2731913
2264,207.89793219999999
2265,211.0085991
2266,202.4008805
2267,209.8940631
2268,215.0023042
2269,210.09894649999998
2270,210.5027605
2271,213.3775191
2272,210.21766519999997
2273,210.6641994
2274,210.71193019999995
2275,214.4796432
2276,208.18776830000002
2277,210.9729454
2278,218.8022499
2279,213.4418285
2280,212.6706635
2281,209.5908695
2282,207.9471645
2283,205.1859148
2284,196.61987219999997
2285,193.1868658
2286,192.24536609999998
2287,196.5971723
2288,196.81409730000001
2289,199.83990419999998
2290,199.5069554
2291,200.4591006
2292,207.0976126
2293,205.6371646
2294,196.8848416
2295,199.9306833
2296,194.67511149999999
2297,215.50651549999998
2298,217.48114840000002
2299,218.1323872
2300,217.08579709999998
2301,210.35391569999996
2302,208.66053119999998
2303,207.01826830000002
2304,207.0988156
2305,182.72356330000002
2306,181.9578448
2307,178.8223485
2308,174.9244699
2309,175.7047025
2310,171.78957150000002
2311,172.706646
2312,171.10475659999997
2313,175.78605359999997
2314,169.7838281
2315,168.990679
2316,147.0565688
2317,178.0411746
2318,172.9109258
2319,176.63333669999997
2320,183.5054256
2321,178.7696356
2322,173.0491459
2323,171.89680330000002
2324,179.0313295
2325,175.26763689999999
2326,176.9335677
2327,195.118899
2328,191.6384403
2329,180.4265584
2330,189.0333862
2331,188.5444409
2332,188.69479669999998
2333,191.0497303
2334,162.3302104
2335,171.191816
2336,168.6250159
2337,171.10435790000002
2338,170.15056869999998
2339,181.76834580000002
2340,177.1314942
2341,178.0600338
2342,179.06318259999998
2343,180.480332
2344,178.2318536
2345,182.5161876
2346,186.0987589
2347,169.3550521
2348,178.2995999
2349,176.3514659
2350,174.6859335
2351,158.4448769
2352,164.6072507
2353,169.4112127
2354,165.75730049999999
2355,170.3286315
2356,179.42899680000002
2357,177.1418632
2358,174.0685983
2359,170.71114690000002
2360,199.1096488
2361,196.1353034
2362,198.3261098
2363,194.7924853
2364,192.4259134
2365,196.06339619999997
2366,194.7241182
2367,192.65910380000003
2368,192.4225111
2369,193.6730929
2370,187.655713
2371,193.6518381
2372,192.094616
2373,188.022325
2374,188.6059831
2375,187.3340786
2376,187.62221519999997
2377,188.1384368
2378,192.41787030000003
2379,181.3916049
2380,189.9540169
2381,190.5711832
2382,187.0643647
2383,200.02747580000002
2384,194.004541
2385,200.4528948
2386,214.49589459999999
2387,213.9485619
2388,220.09201780000004
2389,217.1039321
2390,213.4104213
2391,214.1366734
2392,218.6869341
2393,219.91055099999997
2394,217.7982739
2395,224.12119909999998
2396,211.29081839999998
2397,209.0120053
2398,209.9203395
2399,209.1707004
2400,210.7943652
2401,206.9274368
2402,209.6795526
2403,210.23435469999998
2404,229.65302769999997
2405,215.01029309999998
2406,212.27825959999998
2407,208.2327381
2408,210.0449563
2409,209.98148319999999
2410,211.17056949999997
2411,204.629816
2412,205.3731962
2413,200.26212900000002
2414,201.71579609999998
2415,218.2586883
2416,211.0166301
2417,214.31146280000002
2418,212.3439142
2419,200.4009025
2420,196.7932218
2421,193.3266121
2422,173.9961552
2423,179.5091366
2424,213.49616880000002
2425,216.5829756
2426,220.7465012
2427,217.693321
2428,213.63103059999997
2429,204.1728966
2430,232.7066708
2431,232.5102159
2432,232.17778430000004
2433,231.8288779
2434,234.5233187
2435,226.6183131
2436,227.8161287
2437,226.63891549999997
2438,227.9623971
2439,224.68057349999998
2440,226.31472819999996
2441,227.19470840000002
2442,225.6921056
2443,228.1612014
2444,221.1397256
2445,223.73045180000003
2446,233.98962379999998
2447,236.2922102
2448,230.4068247
2449,230.8030406
2450,234.4721245
2451,227.9612204
2452,230.0187925
2453,228.93027569999998
2454,233.9604383
2455,231.7160921
2456,229.4079147
2457,213.0108461
2458,215.2920304
2459,206.2393457
2460,211.01445930000003
2461,201.6556874
2462,204.1170167
2463,204.61015980000002
2464,205.45683019999998
2465,224.70895519999996
2466,224.15585550000003
2467,222.17261409999998
2468,223.6636702
2469,213.25591129999998
2470,208.7202709
2471,218.40143659999998
2472,212.552221
2473,216.2740733
2474,219.93654280000004
2475,222.117941
2476,218.1971594
2477,222.52200580000002
2478,218.10798680000002
2479,218.17681980000003
2480,218.90755869999998
2481,233.0813051
2482,221.26067
2483,231.8748773
2484,233.2026014
2485,227.77420120000002
2486,230.39055869999999
2487,235.16257819999996
2488,234.19344130000002
2489,229.51448019999998
2490,228.08906340000001
2491,218.55885669999998
2492,225.5911789
2493,209.5808544
2494,226.74732039999998
2495,227.2342602
2496,224.1400523
2497,223.1886179
2498,225.77013280000003
2499,225.6353319
2500,218.42831150000004
2501,221.9187808
2502,220.82672680000002
2503,221.1115749
2504,218.22057769999998
2505,224.45606150000003
2506,206.8758253
2507,214.14545499999997
2508,218.9150711
2509,221.7693747
2510,236.06113670000002
2511,234.05961269999997
2512,236.4044403
2513,230.2453491
2514,222.757268
2515,211.6398381
2516,225.8909056
2517,219.993783
2518,223.9527752
2519,224.0445754
2520,222.67578790000002
2521,212.70402
2522,212.715041
2523,110.31572369999999
2524,224.2388679
2525,224.72381719999998
2526,223.2799886
2527,216.7734127
2528,220.17980989999998
2529,220.67291699999998
2530,228.1559248
2531,230.6982409
2532,231.61117349999998
2533,234.36273140000003
2534,231.24003169999997
2535,235.07210049999998
2536,205.4060189
2537,199.3936072
2538,201.1770385
2539,226.5222832
2540,220.71794649999998
2541,225.2969985
2542,202.1113811
2543,195.1740811
2544,196.6788535
2545,194.62443180000002
2546,202.34977859999998
2547,220.8246075
2548,215.40421780000003
2549,210.16938760000002
2550,209.9409955
2551,206.1142243
2552,210.1757639
2553,215.79408250000003
2554,210.334171
2555,220.870516
2556,228.2406866
2557,221.16100010000002
2558,226.3804359
2559,221.65808859999999
2560,224.95452769999997
2561,225.23729980000002
2562,219.8357131
2563,226.60909049999998
2564,221.3526214
2565,209.87022209999998
2566,208.99320219999998
2567,206.07500119999997
2568,205.1450605
2569,210.58140299999997
2570,203.0294152
2571,218.55291859999997
2572,217.6098542
2573,231.8605109
2574,229.7220498
2575,221.9324827
2576,229.00888930000002
2577,213.9660838
2578,220.4718554
2579,226.0651954
2580,225.08511230000002
2581,219.1921275
2582,223.5164591
2583,218.32857140000002
2584,205.9763273
2585,200.0120688
2586,208.307118
2587,205.0940312
2588,215.24653909999998
2589,214.6021681
2590,211.1844493
2591,210.2621897
2592,206.89304850000002
2593,200.1029812
2594,197.892951
2595,200.8443682
2596,203.480224
2597,223.81878930000002
2598,224.8587023
2599,215.15397149999998
2600,200.159648
2601,199.97016630000002
2602,200.69580980000003
2603,217.6612485
2604,216.30178709999998
2605,217.37663619999998
2606,212.43944989999997
2607,217.25418100000002
2608,220.1515375
2609,221.8464204
2610,216.4314957
2611,216.41161630000002
2612,221.5227589
2613,217.1005528
2614,226.5931383
2615,226.05983909999998
2616,216.26520159999998
2617,228.41916780000003
2618,224.37507050000002
2619,228.89716040000002
2620,220.5749942
2621,212.75148030000003
2622,219.4542804
2623,247.547548
2624,246.9014512
2625,241.4586204
2626,253.5099081
2627,253.72844019999997
2628,249.2563692
2629,250.3788851
2630,245.13829080000002
2631,242.78814649999998
2632,233.5959991
2633,240.72618300000002
2634,148.2198457
2635,250.9158556
2636,253.37067090000002
2637,248.6813137
2638,252.57856919999998
2639,247.9715182
2640,248.4409636
2641,250.3099153
2642,243.8031014
2643,253.5223449
2644,248.97050330000002
2645,239.0335113
2646,236.9954918
2647,234.6297026
2648,231.92934759999997
2649,230.13190440000002
2650,230.51808300000002
2651,231.6335849
2652,227.56252659999998
2653,225.7142387
2654,226.47003999999998
2655,245.1890643
2656,243.453721
2657,243.9614401
2658,237.3912776
2659,228.6750582
2660,235.15418169999998
2661,230.00900860000002
2662,240.87383739999999
2663,240.01332180000003
2664,233.6015131
2665,248.2721082
2666,241.7279011
2667,233.12747489999998
2668,209.6566532
2669,206.3966949
2670,209.88718849999998
2671,246.8244656
2672,244.2166829
2673,237.8136517
2674,220.1212648
2675,238.2295929
2676,224.1422068
2677,237.1260934
2678,228.30647459999997
2679,228.2751298
2680,235.53477030000002
2681,231.1941089
2682,235.54983700000003
2683,261.5553124
2684,254.621508
2685,258.8379262
2686,253.1383341
2687,253.13685159999997
2688,253.28930350000002
2689,241.3669329
2690,246.80607650000002
2691,245.81799569999998
2692,251.64402760000002
2693,252.30792680000002
2694,253.68602919999998
2695,254.9872946
2696,234.87959049999998
2697,220.4793795
2698,233.72727110000002
2699,227.4051027
2700,230.1420134
2701,225.2832194
2702,221.1447913
2703,224.56127880000003
2704,222.56649280000002
2705,217.6229276
2706,219.16443930000003
2707,216.2562486
2708,240.2168497
2709,243.63365130000003
2710,243.46384890000002
2711,216.87930519999998
2712,212.4223831
2713,217.20077129999999
2714,216.8500731
2715,212.27382769999997
2716,215.9895996
2717,216.3160385
2718,211.4730793
2719,229.91302480000002
2720,234.6073701
2721,225.08980669999997
2722,214.42191019999999
2723,262.18482830000005
2724,264.1622545
2725,261.9656832
2726,258.60886419999997
2727,253.9399258
2728,254.88702220000002
2729,258.8523847
2730,253.97994790000004
2731,253.39482650000002
2732,252.5543069
2733,253.5153103
2734,248.09375490000002
2735,255.8807383
2736,262.01539019999996
2737,252.2682161
2738,252.7763614
2739,253.7779714
2740,261.1498725
2741,260.44905589999996
2742,257.9876976
2743,257.3864736
2744,260.54990580000003
2745,257.7351139
2746,257.5101225
2747,254.1525874
2748,257.595971
2749,256.3407034
2750,234.0849043
2751,240.2735252
2752,249.2681384
2753,233.93725460000002
2754,242.89797439999998
2755,249.2802864
2756,245.5052932
2757,246.50594109999997
2758,256.12369900000004
2759,261.4336426
2760,254.5244091
2761,262.2895341
2762,260.19059330000005
2763,250.73236310000001
2764,253.8328392
2765,267.4565702
2766,250.4606751
2767,244.1606976
2768,246.4761246
2769,247.3681299
2770,242.01672280000003
2771,240.41544720000002
2772,242.13869010000002
2773,223.3347889
2774,234.7943798
2775,231.04165919999997
2776,237.67074080000003
2777,248.1535304
2778,251.9670668
2779,250.7408611
2780,247.743972
2781,250.5088231
2782,245.6123321
2783,243.106414
2784,251.55138530000002
2785,241.8340444
2786,246.01890299999997
2787,249.5390787
2788,260.5570089
2789,261.9023911
2790,227.7980125
2791,232.8064075
2792,252.5315404
2793,248.6198086
2794,255.22706319999998
2795,253.30320469999998
2796,254.75777349999998
2797,252.34995409999996
2798,260.6339089
2799,259.6525755
2800,259.3161629
2801,264.8340465
2802,265.8277963
2803,263.9878542
2804,250.1489611
2805,244.76881830000002
2806,245.71819580000002
2807,242.3818043
2808,235.89965759999998
2809,240.47451099999998
2810,230.7964756
2811,230.93782579999998
2812,232.50759219999998
2813,232.82088140000002
2814,233.81366830000002
2815,233.10007510000003
2816,230.8264298
2817,218.21751170000002
2818,251.14573810000002
2819,256.61955109999997
2820,250.1139114
2821,251.0963125
2822,248.6740829
2823,240.0650233
2824,233.1726042
2825,238.50414229999998
2826,231.6839528
2827,237.9700886
2828,229.9171751
2829,256.8428092
2830,266.8645574
2831,260.1213597
2832,259.16849390000004
2833,258.6160185
2834,252.9112756
2835,248.9141284
2836,254.07866099999998
2837,256.8045664
2838,247.48881859999997
2839,249.4035878
2840,261.7162659
2841,254.20674790000004
2842,253.844164
2843,253.23682889999998
2844,266.4078379
2845,230.924875
2846,230.512703
2847,222.0617863
2848,221.4455514
2849,227.4870827
2850,261.3849945
2851,254.2734958
2852,257.7180736
2853,257.1068929
2854,256.3234059
2855,257.15975249999997
2856,256.5046385
2857,256.66033319999997
2858,257.1445882
2859,256.2771706
2860,255.3234881
2861,254.39035800000002
2862,250.1337647
2863,253.6851255
2864,250.6358233
2865,250.889441
2866,252.8443667
2867,254.56592290000003
2868,256.2237096
2869,260.9256577
2870,260.7573054
2871,263.141954
2872,267.22972250000004
2873,268.0658863
2874,263.7447803
2875,266.7468733
2876,237.16198169999998
2877,225.4121997
2878,230.9631466
