ID,Life expectancy
0,65.0
1,59.9
2,59.9
3,59.5
4,59.2
5,58.8
6,58.6
7,58.1
8,57.5
9,57.3
10,57.3
11,57.0
12,56.7
13,56.2
14,55.3
15,54.8
16,77.8
17,77.5
18,77.2
19,76.9
20,76.6
21,76.2
22,76.1
23,75.3
24,75.9
25,74.2
26,73.5
27,73.0
28,72.8
29,73.3
30,73.6
31,72.6
32,75.6
33,75.4
34,75.3
35,75.1
36,74.9
37,74.7
38,74.4
39,74.1
40,73.8
41,73.4
42,72.9
43,72.3
44,71.7
45,71.6
46,71.4
47,71.3
48,52.4
49,51.7
50,51.1
51,56.0
52,51.0
53,49.6
54,49.1
55,48.7
56,48.2
57,47.7
58,47.4
59,47.1
60,46.8
61,46.5
62,45.7
63,45.3
64,76.4
65,76.2
66,76.1
67,75.9
68,75.7
69,75.6
70,75.4
71,75.2
72,75.0
73,74.8
74,74.6
75,74.4
76,74.2
77,74.0
78,73.8
79,73.6
80,76.3
81,76.2
82,76.0
83,75.9
84,75.7
85,75.5
86,75.6
87,75.4
88,74.8
89,75.2
90,74.9
91,74.7
92,74.1
93,74.1
94,74.0
95,74.1
96,74.8
97,74.6
98,74.4
99,74.4
100,73.9
101,73.5
102,73.3
103,73.2
104,73.5
105,72.9
106,73.0
107,73.0
108,72.7
109,72.6
110,72.6
111,72.0
112,82.8
113,82.7
114,82.5
115,82.3
116,82.0
117,81.9
118,81.7
119,81.3
120,81.3
121,81.2
122,81.0
123,86.0
124,83.0
125,79.9
126,79.9
127,79.5
128,81.5
129,81.4
130,81.1
131,88.0
132,88.0
133,84.0
134,82.0
135,84.0
136,81.0
137,79.8
138,79.4
139,79.3
140,78.8
141,78.7
142,78.6
143,78.1
144,72.7
145,72.5
146,72.2
147,71.9
148,71.6
149,71.1
150,78.0
151,73.0
152,73.0
153,69.2
154,68.4
155,68.4
156,67.8
157,67.8
158,67.5
159,66.6
160,76.1
161,75.4
162,74.8
163,74.9
164,75.0
165,75.0
166,74.6
167,74.5
168,74.4
169,74.2
170,74.1
171,73.8
172,73.2
173,73.1
174,72.9
175,72.6
176,76.9
177,76.8
178,76.7
179,76.5
180,76.1
181,76.1
182,76.0
183,75.8
184,75.6
185,75.5
186,75.3
187,75.2
188,75.0
189,74.9
190,74.7
191,74.5
192,71.8
193,71.4
194,71.0
195,77.0
196,73.0
197,69.9
198,69.5
199,69.1
200,68.6
201,68.2
202,67.8
203,67.3
204,66.8
205,66.3
206,65.8
207,65.3
208,75.5
209,75.4
210,75.2
211,75.1
212,74.9
213,74.7
214,74.6
215,74.4
216,74.2
217,74.1
218,73.9
219,73.8
220,73.7
221,73.5
222,73.4
223,73.3
224,72.3
225,72.0
226,71.7
227,71.9
228,72.0
229,73.0
230,70.0
231,70.0
232,69.8
233,68.9
234,68.1
235,68.2
236,67.7
237,67.2
238,67.7
239,68.0
240,81.1
241,89.0
242,87.0
243,83.0
244,83.0
245,80.0
246,79.8
247,79.5
248,79.5
249,79.4
250,78.9
251,78.8
252,78.3
253,78.0
254,78.0
255,77.6
256,71.0
257,70.0
258,69.8
259,69.4
260,69.4
261,69.5
262,69.5
263,69.6
264,69.6
265,69.4
266,69.0
267,68.7
268,68.4
269,68.5
270,68.2
271,68.3
272,60.0
273,59.7
274,59.5
275,59.3
276,59.1
277,58.7
278,58.4
279,57.6
280,57.1
281,56.8
282,56.5
283,56.1
284,55.8
285,55.6
286,55.5
287,55.4
288,69.8
289,69.4
290,69.1
291,68.7
292,68.3
293,67.9
294,67.4
295,67.0
296,66.5
297,65.8
298,65.0
299,64.2
300,63.3
301,62.5
302,61.7
303,62.0
304,77.0
305,74.0
306,71.0
307,69.8
308,69.3
309,68.7
310,68.0
311,67.4
312,66.8
313,66.2
314,65.7
315,65.1
316,64.5
317,63.9
318,63.3
319,62.6
320,77.4
321,77.2
322,77.0
323,76.8
324,76.9
325,76.4
326,76.1
327,76.0
328,75.4
329,75.7
330,75.0
331,75.5
332,75.2
333,75.4
334,74.9
335,74.6
336,65.7
337,65.1
338,64.2
339,63.4
340,62.2
341,61.1
342,59.2
343,57.5
344,56.9
345,54.8
346,51.7
347,48.1
348,46.4
349,46.0
350,46.7
351,47.8
352,75.0
353,74.8
354,74.7
355,74.5
356,74.1
357,73.8
358,73.6
359,73.4
360,73.3
361,73.0
362,72.7
363,72.0
364,71.8
365,71.4
366,71.0
367,75.0
368,77.7
369,77.6
370,77.1
371,78.3
372,77.4
373,76.9
374,76.8
375,77.2
376,76.0
377,76.3
378,76.2
379,76.4
380,76.0
381,74.8
382,74.7
383,74.4
384,74.5
385,74.3
386,74.1
387,73.9
388,73.7
389,73.4
390,73.2
391,72.9
392,72.6
393,72.2
394,72.1
395,72.2
396,72.0
397,71.8
398,71.6
399,71.1
400,59.9
401,59.3
402,59.0
403,58.6
404,58.1
405,57.5
406,56.9
407,56.1
408,55.3
409,54.3
410,53.3
411,52.4
412,51.6
413,51.0
414,56.0
415,51.0
416,59.6
417,59.1
418,58.6
419,58.0
420,57.4
421,56.8
422,56.2
423,55.3
424,54.8
425,54.1
426,53.4
427,52.6
428,51.9
429,51.5
430,51.3
431,58.0
432,53.3
433,52.8
434,52.3
435,52.0
436,51.7
437,51.5
438,51.0
439,54.0
440,49.9
441,49.4
442,48.7
443,48.2
444,48.0
445,47.7
446,47.8
447,47.9
448,73.3
449,73.0
450,72.8
451,72.7
452,72.6
453,72.5
454,72.4
455,72.4
456,72.3
457,72.1
458,71.8
459,71.4
460,71.1
461,77.0
462,73.0
463,69.9
464,68.7
465,68.3
466,67.8
467,67.4
468,67.0
469,66.6
470,66.1
471,65.6
472,65.0
473,64.1
474,62.9
475,61.5
476,63.0
477,59.3
478,58.5
479,57.7
480,57.3
481,56.7
482,56.4
483,55.9
484,55.6
485,55.3
486,54.8
487,54.2
488,53.6
489,53.3
490,52.8
491,52.1
492,51.8
493,51.6
494,51.5
495,51.4
496,82.2
497,82.0
498,81.8
499,81.6
500,81.5
501,81.2
502,81.0
503,87.0
504,85.0
505,85.0
506,81.0
507,80.0
508,79.7
509,79.5
510,79.4
511,79.1
512,52.5
513,58.0
514,49.9
515,53.0
516,49.8
517,49.2
518,48.6
519,47.6
520,46.8
521,46.3
522,45.9
523,45.7
524,45.7
525,45.6
526,45.6
527,46.0
528,53.1
529,52.6
530,52.2
531,51.8
532,51.6
533,51.2
534,57.0
535,49.6
536,49.4
537,48.5
538,48.6
539,48.5
540,48.4
541,48.1
542,48.0
543,47.6
544,85.0
545,83.0
546,81.0
547,79.9
548,79.8
549,79.1
550,79.3
551,79.6
552,78.9
553,78.9
554,78.4
555,78.0
556,77.9
557,77.8
558,77.3
559,77.3
560,76.1
561,75.8
562,75.6
563,75.4
564,75.2
565,75.0
566,74.9
567,74.5
568,74.4
569,74.2
570,73.9
571,73.5
572,73.1
573,72.7
574,72.2
575,71.7
576,74.8
577,74.6
578,74.4
579,74.3
580,74.2
581,73.6
582,73.6
583,73.5
584,73.5
585,73.1
586,73.1
587,72.8
588,72.4
589,71.8
590,71.5
591,71.4
592,63.5
593,63.2
594,62.9
595,62.5
596,62.2
597,61.8
598,61.3
599,61.0
600,66.0
601,63.0
602,60.0
603,59.8
604,59.6
605,59.5
606,59.5
607,59.5
608,64.7
609,64.2
610,63.9
611,63.7
612,62.9
613,62.0
614,68.0
615,59.4
616,58.2
617,56.9
618,55.3
619,54.1
620,53.2
621,52.6
622,52.7
623,52.9
625,79.6
626,79.5
627,79.4
628,79.2
629,79.0
630,78.1
631,79.2
632,78.9
633,78.9
634,78.0
635,78.6
636,77.7
637,78.0
638,78.3
639,77.5
640,77.6
641,78.0
642,77.8
643,77.7
644,77.1
645,77.0
646,76.6
647,76.3
648,76.0
649,75.8
650,75.9
651,75.2
652,75.4
653,74.7
654,74.8
655,74.9
656,74.7
657,79.1
658,79.0
659,78.7
660,78.7
661,78.8
662,78.0
663,78.1
664,77.9
665,78.1
666,78.0
667,77.2
668,77.3
669,77.4
670,77.7
671,76.7
672,76.9
673,85.0
674,83.0
675,81.0
676,80.0
677,79.7
678,79.5
679,79.3
680,79.1
681,78.9
682,78.8
683,78.7
684,78.6
685,78.5
686,78.4
687,78.2
688,78.1
689,78.8
690,78.6
691,78.2
692,78.0
693,77.8
694,77.5
695,77.1
696,77.0
697,76.8
698,76.5
699,75.9
700,75.8
701,75.2
702,75.3
703,75.1
704,74.7
705,76.0
706,73.0
707,71.0
708,69.8
709,69.4
710,69.0
711,68.7
712,68.6
713,68.5
714,68.5
715,68.5
716,68.4
717,68.1
718,67.6
719,66.6
720,65.4
721,59.8
722,59.3
723,58.8
724,58.3
725,57.9
726,57.4
727,56.7
728,56.3
729,55.7
730,55.0
731,54.3
732,53.5
733,52.8
734,52.1
735,51.8
736,51.3
737,86.0
738,84.0
739,81.0
740,80.0
741,79.7
742,79.2
743,78.9
744,78.8
745,78.4
746,78.1
747,78.1
748,77.7
749,77.3
750,77.0
751,77.0
752,76.9
753,63.5
754,63.0
755,62.7
756,62.2
757,61.8
758,61.3
759,69.0
760,62.0
761,59.8
762,59.1
763,58.6
764,58.1
765,58.0
766,57.9
767,57.7
768,57.4
770,73.9
771,73.6
772,73.4
773,72.1
774,73.1
775,72.7
776,73.6
777,73.3
778,72.9
779,72.3
780,69.7
781,69.3
782,73.0
783,71.4
784,71.2
785,72.0
786,76.2
787,76.0
788,76.0
789,75.5
790,75.3
791,75.0
792,75.1
793,74.6
794,74.7
795,74.4
796,74.2
797,74.4
798,74.4
799,73.6
800,73.4
801,72.8
802,79.0
803,78.0
804,79.0
805,72.0
806,74.0
807,70.0
808,69.9
809,69.8
810,69.7
811,69.5
812,69.4
813,69.0
814,68.6
815,68.7
816,68.6
817,68.8
818,73.5
819,73.3
820,73.0
821,73.0
822,72.0
823,72.0
824,71.4
825,71.7
826,71.2
827,75.0
828,71.0
829,70.0
830,69.9
831,73.0
832,68.9
833,69.0
834,58.2
835,57.9
836,57.4
837,56.7
838,56.2
839,56.1
840,55.7
841,55.4
842,55.0
843,54.8
844,54.4
845,54.1
846,53.8
847,53.5
848,53.1
849,52.7
850,64.7
851,64.4
852,64.0
853,63.6
854,62.9
855,62.1
856,61.4
857,67.0
858,62.0
859,59.7
860,59.4
861,59.1
862,58.8
863,58.5
864,58.1
865,45.3
866,77.6
867,77.3
868,76.9
869,76.3
870,76.1
871,75.6
872,74.9
873,74.2
874,73.0
875,73.0
876,72.8
877,72.3
878,71.9
879,71.2
880,78.0
881,78.0
882,64.8
883,64.2
884,63.7
885,63.3
886,62.6
887,61.8
888,68.0
889,59.8
890,58.5
891,57.2
892,56.0
893,55.0
894,54.0
895,53.2
896,52.5
897,51.2
898,69.9
899,69.7
900,69.6
901,69.4
902,69.2
903,69.1
904,68.9
905,68.7
906,68.6
907,68.5
908,68.3
909,68.1
910,68.0
911,67.9
912,67.8
913,67.7
914,81.1
915,89.0
916,87.0
917,84.0
918,83.0
919,79.9
920,79.7
921,79.6
922,79.3
923,79.2
924,78.9
925,78.7
926,78.4
927,78.1
928,78.0
929,77.5
930,82.4
931,82.2
932,82.0
933,81.5
934,81.7
935,81.3
936,81.1
937,89.0
938,89.0
939,86.0
940,81.0
941,82.0
942,79.3
943,79.2
944,79.0
945,78.8
946,66.0
947,65.5
948,64.6
949,63.5
950,62.8
951,62.3
952,61.7
953,61.6
954,61.6
955,61.4
956,65.0
957,59.7
958,59.7
959,59.7
960,59.8
961,61.0
962,61.1
963,68.0
964,66.0
965,62.0
966,59.8
967,59.3
968,59.0
969,58.7
970,58.5
971,58.2
972,57.7
973,57.3
974,57.0
975,56.6
976,56.3
977,55.9
978,74.4
979,74.5
980,74.5
981,74.2
982,73.9
983,73.8
984,73.2
985,73.9
986,74.4
987,73.9
988,73.9
989,72.3
990,72.7
991,71.7
992,73.0
993,71.8
994,81.0
995,89.0
996,86.0
997,86.0
998,85.0
999,81.0
1000,80.0
1001,79.9
1002,79.8
1003,79.6
1004,79.2
1005,79.1
1006,78.5
1007,78.4
1008,78.3
1009,78.0
1010,62.4
1011,62.1
1012,61.9
1013,61.6
1014,61.2
1015,69.0
1016,66.0
1017,63.0
1018,59.9
1019,59.4
1020,58.9
1021,58.3
1022,57.9
1023,57.6
1024,57.4
1025,57.2
1026,81.0
1027,88.0
1028,86.0
1029,84.0
1030,85.0
1031,83.0
1032,80.0
1033,79.9
1034,79.4
1035,79.7
1036,79.3
1037,79.2
1038,79.1
1039,79.0
1040,78.7
1041,78.2
1042,73.6
1043,73.5
1044,73.3
1045,73.1
1046,72.9
1047,72.6
1048,72.4
1049,72.1
1050,71.9
1051,71.7
1052,71.5
1053,73.0
1054,71.1
1055,79.0
1056,77.0
1057,74.0
1058,71.9
1059,71.7
1060,71.4
1061,71.3
1062,71.1
1063,77.0
1064,76.0
1065,79.0
1066,75.0
1067,69.7
1068,69.2
1069,69.6
1070,69.4
1071,69.3
1072,68.4
1073,67.7
1074,59.0
1075,58.1
1076,58.8
1077,58.4
1078,58.1
1079,57.8
1080,57.3
1081,56.8
1082,56.4
1083,55.6
1084,54.7
1085,54.0
1086,53.3
1087,52.9
1088,52.5
1089,52.5
1090,58.9
1091,58.4
1092,58.1
1093,57.6
1094,57.1
1095,56.7
1096,56.3
1097,55.6
1098,55.0
1099,54.4
1100,53.9
1101,53.5
1102,53.0
1103,52.8
1104,52.5
1105,52.1
1106,66.2
1107,66.0
1108,65.9
1109,65.8
1110,65.6
1111,65.9
1112,66.1
1113,66.3
1114,65.7
1115,65.2
1116,65.0
1117,65.1
1118,65.3
1119,65.3
1120,65.4
1121,65.4
1122,63.5
1123,63.1
1124,62.7
1125,62.3
1126,62.3
1127,36.3
1128,62.5
1129,62.1
1130,61.8
1131,61.1
1132,65.0
1133,58.7
1134,59.7
1135,59.3
1136,58.9
1137,58.6
1138,74.6
1139,74.5
1140,74.3
1141,74.1
1142,73.9
1143,73.6
1144,73.4
1145,73.2
1146,73.0
1147,72.8
1148,72.5
1149,72.2
1150,71.9
1151,71.6
1152,71.3
1153,71.0
1154,75.8
1155,75.6
1156,75.5
1157,75.0
1158,74.8
1159,74.5
1160,74.2
1161,74.1
1162,73.5
1163,73.4
1164,72.9
1165,72.9
1166,72.5
1167,72.5
1168,72.3
1169,71.7
1170,82.7
1171,82.5
1172,82.4
1173,82.5
1174,82.1
1175,81.8
1176,81.6
1177,81.4
1178,81.3
1179,81.1
1180,81.0
1181,88.0
1182,87.0
1183,84.0
1184,80.0
1185,79.7
1186,68.3
1187,68.0
1188,67.6
1189,67.3
1190,66.8
1191,66.4
1192,66.0
1193,65.5
1194,65.2
1195,64.8
1196,64.4
1197,64.0
1198,63.7
1199,63.3
1200,62.9
1201,62.5
1202,69.1
1203,68.9
1204,68.7
1205,68.5
1206,68.3
1207,68.1
1208,67.9
1209,67.7
1210,67.5
1211,67.3
1212,67.2
1213,65.3
1214,66.9
1215,66.7
1216,66.5
1217,66.3
1218,75.5
1219,75.4
1220,75.3
1221,75.1
1222,74.7
1223,74.1
1224,73.3
1225,72.7
1226,72.4
1227,72.2
1228,72.0
1229,71.8
1230,75.0
1231,71.2
1232,78.0
1233,73.0
1234,68.9
1235,67.9
1236,69.5
1237,76.0
1238,77.0
1239,76.0
1240,74.0
1241,69.3
1242,65.9
1243,64.7
1244,66.8
1245,67.2
1246,66.5
1247,74.0
1248,72.0
1249,70.0
1250,81.4
1251,81.2
1252,81.0
1253,85.0
1254,84.0
1255,86.0
1256,79.7
1257,79.8
1258,79.5
1259,79.0
1260,78.7
1261,78.3
1262,78.0
1263,77.4
1264,77.0
1265,76.4
1266,82.5
1267,82.2
1268,82.1
1269,81.8
1270,81.8
1271,81.7
1272,81.5
1273,81.0
1274,84.0
1275,84.0
1276,80.0
1277,81.0
1278,79.7
1279,79.3
1280,79.3
1281,78.9
1282,82.7
1283,82.5
1284,82.3
1285,82.0
1286,82.0
1287,81.8
1288,81.6
1289,81.5
1290,81.3
1291,81.2
1292,88.0
1293,89.0
1294,79.9
1295,80.0
1296,79.8
1297,79.4
1298,76.2
1299,75.8
1300,75.6
1301,75.3
1302,75.2
1303,75.0
1304,74.7
1305,74.5
1306,74.2
1307,74.0
1308,73.5
1309,73.3
1310,73.1
1311,73.0
1312,72.7
1313,72.6
1314,83.7
1315,83.5
1316,83.5
1317,83.3
1318,82.5
1319,83.0
1320,83.0
1321,82.7
1322,82.6
1323,82.4
1324,82.0
1325,82.1
1326,81.9
1327,81.8
1328,81.5
1329,81.1
1330,74.1
1331,74.0
1332,73.9
1333,73.7
1334,73.6
1335,73.4
1336,73.3
1337,73.1
1338,73.0
1339,72.8
1340,72.4
1341,72.5
1342,72.3
1343,72.1
1344,71.9
1345,71.7
1346,72.0
1347,69.9
1348,69.5
1349,69.1
1350,68.5
1351,67.8
1352,67.8
1353,66.6
1354,65.3
1355,65.0
1356,64.6
1357,64.7
1358,64.4
1359,64.7
1360,64.4
1361,63.9
1362,63.4
1363,62.9
1364,62.6
1365,62.1
1366,61.2
1367,63.0
1368,59.1
1369,57.9
1370,56.8
1371,55.3
1372,54.1
1373,53.0
1374,52.4
1375,52.1
1376,51.9
1377,51.9
1378,66.3
1379,66.1
1380,65.8
1381,65.7
1382,65.5
1383,65.3
1384,65.2
1385,65.1
1386,65.0
1387,65.0
1388,64.9
1389,64.8
1390,64.7
1391,64.6
1392,64.3
1393,64.1
1394,74.7
1395,74.6
1396,74.5
1397,74.3
1398,74.2
1399,74.0
1400,73.9
1401,73.8
1402,73.7
1403,73.6
1404,73.6
1405,73.5
1406,73.4
1407,73.3
1408,73.2
1409,73.2
1410,71.1
1411,78.0
1412,77.0
1413,69.9
1414,69.4
1415,68.8
1416,68.5
1417,67.6
1418,67.2
1419,66.7
1420,66.9
1421,67.1
1422,66.6
1423,66.7
1424,67.2
1425,66.6
1426,65.7
1427,65.3
1428,64.9
1429,64.4
1430,64.0
1431,63.6
1432,63.1
1433,62.6
1434,62.1
1435,61.5
1436,61.0
1437,64.0
1438,59.8
1439,59.3
1440,58.7
1441,58.1
1442,74.6
1443,74.4
1444,74.1
1445,73.8
1446,73.6
1447,72.8
1448,72.6
1449,71.9
1450,78.0
1451,75.0
1452,76.0
1453,71.0
1454,78.0
1455,73.0
1456,69.9
1457,71.0
1458,74.9
1459,74.8
1460,74.9
1461,75.0
1462,75.0
1463,74.9
1464,74.7
1465,74.5
1466,74.4
1467,74.1
1468,73.9
1469,73.7
1470,73.5
1471,73.2
1472,73.0
1473,72.7
1474,53.7
1475,52.1
1476,52.1
1477,52.2
1478,52.3
1479,51.1
1480,49.4
1481,47.8
1482,46.2
1483,45.3
1484,44.5
1485,44.8
1486,45.5
1487,46.4
1488,47.8
1489,49.3
1490,61.4
1491,58.1
1492,61.1
1493,67.0
1494,62.0
1495,59.7
1496,59.2
1497,58.6
1498,57.9
1499,56.7
1500,55.3
1501,54.0
1502,50.0
1503,56.0
1504,51.5
1505,51.9
1506,72.7
1507,72.4
1508,72.9
1509,72.9
1510,71.3
1511,72.8
1512,72.7
1513,72.6
1514,72.5
1515,72.2
1516,71.9
1517,71.5
1518,71.3
1519,71.1
1520,71.0
1521,78.0
1522,73.6
1523,73.4
1524,73.0
1525,73.0
1526,72.8
1527,72.4
1528,72.2
1529,71.1
1530,72.0
1531,76.0
1532,78.0
1533,71.6
1534,71.6
1535,71.4
1536,71.2
1537,71.6
1538,82.0
1539,81.7
1540,81.4
1541,81.1
1542,88.0
1543,86.0
1544,83.0
1545,80.0
1546,79.7
1547,79.4
1548,78.8
1549,78.7
1550,78.6
1551,78.3
1552,78.0
1553,77.8
1554,65.5
1555,65.1
1556,64.7
1557,64.3
1558,63.8
1559,63.3
1560,62.8
1561,62.3
1562,61.9
1563,61.4
1564,69.0
1565,64.0
1566,59.9
1567,59.3
1568,58.7
1569,57.9
1570,58.3
1571,57.6
1572,56.7
1573,55.3
1574,54.1
1575,52.9
1576,51.5
1577,50.0
1578,48.5
1579,47.1
1580,46.0
1581,45.1
1582,44.6
1583,44.0
1584,43.5
1585,43.1
1586,75.0
1587,74.8
1588,74.6
1589,74.5
1590,74.3
1591,74.1
1592,74.0
1593,73.8
1594,73.7
1595,73.6
1596,73.4
1597,73.2
1598,73.1
1599,72.9
1600,72.7
1601,72.4
1602,78.5
1603,78.2
1604,77.9
1605,77.6
1606,77.3
1607,76.7
1608,76.3
1609,75.9
1610,75.4
1611,75.0
1612,74.3
1613,73.4
1614,72.7
1615,71.8
1616,78.0
1617,69.6
1618,58.2
1619,57.8
1620,57.3
1621,57.2
1622,56.8
1623,56.5
1624,56.0
1625,55.5
1626,55.0
1627,54.3
1628,53.6
1629,52.8
1630,52.0
1631,51.2
1632,55.0
1633,49.8
1634,81.7
1635,81.4
1636,81.1
1637,81.0
1638,87.0
1639,83.0
1640,82.0
1641,80.0
1642,79.6
1643,79.3
1644,79.0
1645,78.7
1646,78.5
1647,78.2
1648,77.8
1649,77.5
1651,63.1
1652,63.0
1653,62.7
1654,62.5
1655,62.2
1656,62.0
1657,61.7
1658,61.4
1659,61.2
1660,69.0
1661,66.0
1662,64.0
1663,63.0
1664,62.0
1665,61.0
1666,60.0
1667,74.6
1668,74.2
1669,74.1
1670,73.9
1671,73.6
1672,73.3
1673,72.8
1674,72.7
1675,72.9
1676,71.8
1677,72.1
1678,71.9
1679,71.5
1680,71.5
1681,71.5
1682,71.0
1683,76.7
1684,76.6
1685,76.6
1686,76.3
1687,76.1
1688,75.6
1689,75.7
1690,75.6
1691,76.0
1692,75.8
1693,75.3
1694,75.4
1695,75.0
1696,75.0
1697,75.0
1698,74.8
1699,69.4
1700,69.4
1701,69.2
1702,69.0
1703,68.9
1704,68.7
1705,68.5
1706,68.4
1707,68.2
1708,68.0
1709,67.9
1710,67.7
1711,67.5
1712,66.2
1713,67.2
1714,67.0
1716,68.8
1717,68.4
1718,68.1
1719,67.8
1720,67.3
1721,66.3
1722,66.9
1723,67.4
1724,65.9
1725,65.0
1726,64.5
1727,64.0
1728,64.0
1729,63.8
1730,63.2
1731,62.8
1732,76.1
1733,75.9
1734,75.8
1735,75.6
1736,75.4
1737,75.3
1738,75.0
1739,74.6
1740,74.2
1741,73.8
1742,73.6
1743,73.5
1744,73.5
1745,73.4
1746,73.3
1747,73.0
1748,74.3
1749,74.1
1750,73.9
1751,73.6
1752,73.3
1753,72.8
1754,72.3
1755,71.8
1756,71.4
1757,71.0
1758,77.0
1759,72.0
1760,69.9
1761,69.5
1762,69.0
1763,68.6
1764,57.6
1765,56.7
1766,55.3
1767,54.8
1768,54.3
1769,54.0
1770,53.8
1771,53.2
1772,52.1
1773,51.2
1774,58.0
1775,54.0
1776,51.0
1777,49.8
1778,49.5
1779,49.0
1780,66.6
1781,66.4
1782,66.2
1783,65.9
1784,65.6
1785,65.4
1786,65.2
1787,59.2
1788,64.5
1789,64.2
1790,63.9
1791,63.5
1792,63.2
1793,62.8
1794,62.5
1795,62.1
1796,65.8
1797,65.9
1798,66.1
1799,65.8
1800,64.3
1801,63.0
1802,62.4
1803,61.7
1804,60.0
1805,57.0
1806,55.1
1807,54.7
1808,55.0
1809,55.7
1810,56.5
1811,57.4
1813,69.2
1814,69.6
1815,69.3
1816,68.9
1817,68.4
1818,68.0
1819,67.5
1820,67.0
1821,66.6
1822,66.0
1823,65.4
1824,64.7
1825,64.3
1826,63.1
1827,63.2
1828,62.5
1829,81.9
1830,81.7
1831,81.4
1832,81.1
1833,81.1
1834,88.0
1835,86.0
1836,83.0
1837,82.0
1838,79.8
1839,79.4
1840,79.2
1841,78.7
1842,78.4
1843,78.3
1844,78.1
1845,81.6
1846,81.5
1847,81.3
1848,81.1
1849,86.0
1850,89.0
1851,85.0
1852,81.0
1853,81.0
1854,79.9
1855,79.9
1856,79.2
1857,79.1
1858,78.7
1859,78.5
1860,78.6
1861,74.8
1862,74.5
1863,73.9
1864,73.9
1865,74.5
1866,73.2
1867,73.2
1868,72.5
1869,72.5
1870,73.0
1871,71.2
1872,71.0
1873,76.0
1874,75.0
1875,73.0
1876,73.0
1877,61.8
1878,61.4
1879,69.0
1880,63.0
1881,59.4
1882,58.2
1883,57.1
1884,56.0
1885,55.2
1886,54.5
1887,53.7
1888,52.9
1889,52.1
1890,51.4
1891,56.0
1892,50.0
1893,54.5
1894,53.6
1895,53.2
1896,52.7
1897,52.3
1898,52.0
1899,51.6
1900,59.0
1901,55.0
1902,49.8
1903,49.2
1904,48.5
1905,48.1
1906,47.7
1907,47.4
1908,47.1
1910,81.8
1911,81.6
1912,81.5
1913,81.3
1914,81.1
1915,81.0
1916,89.0
1917,86.0
1918,85.0
1919,84.0
1920,81.0
1921,79.8
1922,79.4
1923,78.9
1924,78.8
1925,78.5
1926,76.6
1927,76.4
1928,76.2
1929,76.0
1930,75.8
1931,75.6
1932,75.4
1933,75.2
1934,74.9
1935,74.7
1936,74.3
1937,74.0
1938,73.6
1939,73.3
1940,72.9
1941,72.6
1942,66.4
1943,66.2
1944,66.0
1945,65.7
1946,65.5
1947,65.1
1948,64.8
1949,64.6
1950,64.4
1951,64.2
1952,62.9
1953,63.7
1954,63.5
1955,63.2
1956,63.0
1957,62.8
1959,77.8
1960,77.6
1961,77.5
1962,77.2
1963,77.3
1964,76.5
1965,76.8
1966,76.5
1967,76.4
1968,76.2
1969,75.8
1970,75.8
1971,75.5
1972,75.7
1973,75.5
1974,75.7
1975,62.9
1976,62.7
1977,62.4
1978,62.2
1979,62.0
1980,61.8
1981,61.6
1982,61.4
1983,61.1
1984,68.0
1985,64.0
1986,59.9
1987,59.6
1988,59.3
1989,59.1
1990,58.9
1991,74.0
1992,73.9
1993,73.8
1994,73.6
1995,73.4
1996,73.2
1997,73.0
1998,72.7
1999,72.5
2000,72.3
2001,72.1
2002,71.9
2003,71.7
2004,71.5
2005,71.2
2006,79.0
2007,75.5
2008,75.3
2009,75.3
2010,74.9
2011,74.5
2012,73.7
2013,73.8
2014,73.9
2015,74.0
2016,74.2
2017,72.8
2018,72.2
2019,72.1
2020,72.6
2021,72.4
2022,71.4
2023,68.5
2024,68.4
2025,68.1
2026,68.1
2027,68.0
2028,67.9
2029,68.0
2030,67.5
2031,67.5
2032,67.3
2033,67.0
2034,67.3
2035,67.2
2036,66.8
2037,66.8
2038,66.8
2039,77.5
2040,77.3
2041,77.1
2042,76.8
2043,76.7
2044,76.3
2045,75.7
2046,75.5
2047,75.3
2048,75.2
2049,75.0
2050,74.9
2051,74.7
2052,74.5
2053,74.2
2054,73.7
2055,81.1
2056,89.0
2057,86.0
2058,83.0
2059,82.0
2060,79.6
2061,79.3
2062,79.0
2063,78.7
2064,78.5
2065,77.7
2066,78.0
2067,77.3
2068,77.2
2069,76.9
2070,76.6
2071,78.2
2072,78.1
2073,77.9
2074,77.8
2075,77.5
2076,77.3
2077,77.0
2078,76.8
2079,76.7
2080,76.6
2081,76.6
2082,76.6
2083,76.5
2084,76.4
2085,76.3
2086,76.2
2087,82.3
2088,82.0
2089,81.7
2090,81.2
2091,81.1
2092,87.0
2093,86.0
2094,83.0
2095,79.8
2096,79.4
2097,78.7
2098,78.2
2099,77.6
2100,77.1
2101,76.7
2102,76.0
2103,72.1
2104,71.8
2105,71.7
2106,79.0
2107,77.0
2108,68.8
2109,69.0
2110,68.9
2111,68.3
2112,68.0
2113,67.3
2114,68.0
2115,67.6
2116,67.5
2117,67.6
2118,67.1
2119,75.0
2120,74.8
2121,74.6
2122,74.4
2123,74.3
2124,73.4
2125,73.1
2126,73.1
2127,72.9
2128,72.5
2129,71.9
2130,71.7
2131,71.1
2132,77.0
2133,78.0
2134,77.0
2135,75.0
2136,73.0
2137,70.0
2138,69.6
2139,69.4
2140,68.4
2141,68.2
2142,67.5
2143,67.3
2144,66.4
2145,65.0
2146,64.9
2147,64.6
2148,64.8
2149,65.1
2150,65.0
2151,66.1
2152,65.7
2153,65.2
2154,64.6
2155,63.8
2156,62.8
2157,61.0
2158,68.0
2159,59.6
2160,57.6
2161,55.3
2162,53.4
2163,52.0
2164,57.0
2165,48.6
2166,48.3
2168,75.2
2169,75.0
2170,74.8
2171,74.7
2172,74.6
2173,74.2
2174,74.3
2175,74.1
2176,73.9
2177,73.5
2178,73.1
2179,72.6
2180,72.2
2181,72.0
2182,71.8
2183,71.6
2184,73.2
2185,73.1
2186,72.7
2187,72.8
2188,72.7
2189,72.5
2190,72.3
2191,72.1
2192,71.9
2193,71.7
2194,71.4
2195,71.2
2196,71.0
2197,79.0
2198,79.0
2199,79.0
2200,74.0
2201,73.8
2202,73.6
2203,73.2
2204,73.0
2205,72.6
2206,76.0
2207,72.5
2208,72.2
2209,72.0
2210,71.6
2211,71.4
2212,79.0
2213,76.0
2214,75.0
2215,72.0
2217,67.5
2218,67.3
2219,67.1
2220,66.9
2221,66.6
2222,66.2
2223,65.8
2224,65.4
2225,65.1
2226,64.7
2227,64.3
2228,63.8
2229,63.4
2230,63.1
2231,62.8
2232,62.6
2233,74.5
2234,74.4
2235,74.3
2236,74.1
2237,73.9
2238,73.7
2239,73.4
2240,73.3
2241,73.2
2242,73.2
2243,73.1
2244,73.1
2245,73.0
2246,72.9
2247,72.8
2248,72.6
2249,66.7
2250,66.4
2251,66.0
2252,65.6
2253,64.9
2254,64.3
2255,63.5
2256,62.8
2257,62.1
2258,61.3
2259,65.0
2260,59.7
2261,59.0
2262,58.4
2263,57.9
2264,57.5
2265,75.6
2266,75.4
2267,75.3
2268,74.9
2269,74.6
2270,74.4
2271,74.1
2272,74.0
2273,73.8
2274,73.6
2275,73.0
2276,73.0
2277,73.0
2278,72.9
2279,73.1
2280,72.6
2281,73.2
2282,73.0
2283,72.9
2284,72.7
2285,72.6
2286,72.4
2287,72.3
2288,72.2
2289,72.2
2290,72.2
2291,72.2
2292,72.1
2293,72.1
2294,72.1
2295,72.0
2296,71.8
2297,51.0
2298,48.1
2299,54.0
2300,49.7
2301,48.9
2302,48.1
2303,47.1
2304,46.2
2305,45.3
2306,44.3
2307,43.3
2308,42.3
2309,41.5
2310,48.0
2311,41.0
2312,39.0
2313,83.1
2314,82.9
2315,82.7
2316,82.5
2317,82.2
2318,82.0
2319,81.7
2320,81.4
2321,81.1
2322,87.0
2323,82.0
2324,79.7
2325,79.3
2326,79.0
2327,78.7
2328,78.3
2329,76.7
2330,76.4
2331,76.1
2332,75.8
2333,75.6
2334,75.1
2335,75.0
2336,74.7
2337,74.4
2338,74.3
2339,74.0
2340,74.1
2341,73.8
2342,73.7
2343,73.3
2344,73.0
2345,88.0
2346,87.0
2347,85.0
2348,82.0
2349,79.8
2350,79.5
2351,79.1
2352,78.9
2353,78.3
2354,78.1
2355,77.5
2356,77.2
2357,76.5
2358,76.6
2359,76.2
2360,76.0
2361,69.2
2362,68.8
2363,68.8
2364,68.7
2365,68.5
2366,68.3
2367,68.1
2368,68.0
2369,67.6
2370,67.6
2371,67.4
2372,67.1
2373,66.8
2374,66.5
2375,66.2
2376,65.8
2377,55.0
2378,54.3
2379,54.2
2380,53.1
2381,53.1
2382,52.4
2383,52.2
2384,51.9
2385,51.5
2386,51.5
2387,51.6
2388,51.2
2389,51.1
2390,58.0
2391,57.0
2392,55.0
2393,62.9
2394,62.0
2395,69.0
2396,59.2
2397,58.9
2398,58.0
2399,56.5
2400,55.3
2401,54.5
2402,54.0
2403,53.8
2404,53.7
2405,54.0
2406,54.9
2407,56.0
2408,57.3
2409,57.3
2410,56.6
2411,56.4
2412,56.0
2413,55.4
2414,55.0
2415,54.3
2416,53.6
2417,53.1
2418,52.5
2419,51.9
2420,51.4
2421,58.0
2422,52.0
2423,49.6
2424,48.9
2425,82.8
2426,82.6
2427,82.4
2428,82.0
2429,82.1
2430,81.9
2431,81.6
2432,81.3
2433,89.0
2434,88.0
2435,81.0
2436,81.0
2437,79.4
2438,79.5
2439,79.4
2440,79.1
2441,74.9
2442,74.7
2443,74.6
2444,74.5
2445,74.5
2446,74.5
2447,71.8
2448,72.3
2449,73.7
2450,73.8
2451,74.2
2452,69.1
2453,73.9
2454,73.7
2455,72.7
2456,71.5
2457,64.1
2458,63.8
2459,63.5
2460,63.2
2461,62.7
2462,62.5
2463,62.0
2464,61.8
2465,61.4
2466,61.0
2467,67.0
2468,59.7
2469,59.6
2470,59.4
2471,58.9
2472,58.6
2473,71.6
2474,71.4
2475,71.2
2476,71.3
2477,76.0
2478,73.0
2479,70.0
2480,69.8
2481,69.5
2482,69.3
2483,68.9
2484,68.3
2485,68.0
2486,67.9
2487,67.7
2488,67.4
2489,58.9
2490,58.4
2491,57.6
2492,56.5
2493,55.0
2494,53.6
2495,52.6
2496,51.4
2497,50.0
2498,47.8
2499,46.0
2500,45.6
2501,45.9
2502,46.4
2503,47.1
2504,48.4
2505,82.4
2506,82.3
2507,81.9
2508,81.7
2509,81.7
2510,81.5
2511,81.4
2512,81.1
2513,89.0
2514,88.0
2515,85.0
2516,83.0
2517,82.0
2518,79.9
2519,79.8
2520,79.6
2521,83.4
2522,83.2
2523,83.0
2524,82.7
2525,82.6
2526,82.3
2527,82.1
2528,82.0
2529,81.7
2530,81.5
2531,81.1
2532,81.0
2533,85.0
2534,84.0
2535,82.0
2536,79.7
2537,64.5
2538,64.4
2539,63.6
2540,62.8
2541,71.7
2542,73.7
2543,73.8
2544,73.8
2545,73.8
2546,73.7
2547,73.5
2548,73.2
2549,73.0
2550,72.8
2551,72.7
2552,72.6
2553,69.7
2554,69.6
2555,69.3
2556,68.8
2557,68.1
2558,67.3
2559,66.7
2560,66.4
2561,66.1
2562,65.9
2563,65.5
2564,65.9
2565,65.2
2566,64.3
2567,64.0
2568,63.7
2569,74.9
2570,74.6
2571,74.5
2572,74.3
2573,74.1
2574,73.9
2575,73.7
2576,73.5
2577,73.3
2578,73.0
2579,72.5
2580,71.6
2581,71.7
2582,71.4
2583,71.2
2584,71.1
2585,75.7
2586,75.5
2587,75.3
2588,75.1
2589,74.9
2590,74.7
2591,74.4
2592,74.2
2593,73.5
2594,73.7
2595,73.6
2596,73.5
2597,73.2
2598,72.8
2599,73.1
2600,72.6
2601,68.3
2602,68.0
2603,67.7
2604,67.4
2605,67.2
2606,66.9
2607,66.6
2608,66.2
2609,65.8
2610,64.9
2611,63.7
2612,62.3
2613,61.0
2614,62.0
2615,59.4
2616,58.7
2617,59.9
2618,59.7
2619,59.4
2620,58.9
2621,58.3
2622,57.4
2623,56.7
2624,56.2
2625,55.9
2626,55.7
2627,55.0
2628,54.9
2629,54.7
2630,54.7
2631,54.6
2632,54.6
2633,73.5
2634,73.3
2635,73.2
2636,73.0
2637,72.9
2638,72.8
2639,72.5
2640,72.6
2641,72.5
2642,72.4
2643,72.3
2644,72.2
2645,72.0
2646,71.9
2647,71.8
2648,71.6
2649,71.2
2650,71.1
2651,71.0
2652,78.0
2653,76.0
2654,74.0
2655,71.0
2656,69.9
2657,69.7
2658,69.6
2659,69.5
2660,69.4
2661,69.3
2662,69.2
2663,69.1
2664,69.1
2665,75.3
2666,75.1
2667,74.9
2668,74.9
2669,74.8
2670,74.8
2671,74.7
2672,74.7
2673,74.6
2674,74.4
2675,74.2
2676,74.0
2677,73.7
2678,73.5
2679,73.2
2680,72.9
2681,75.8
2682,75.5
2683,75.2
2684,74.8
2685,74.5
2686,74.2
2687,73.9
2688,73.5
2689,73.2
2690,72.8
2691,72.4
2692,72.0
2693,71.6
2694,71.2
2695,78.0
2696,74.0
2697,66.3
2698,66.0
2699,65.4
2700,65.6
2701,65.6
2702,65.8
2703,65.6
2704,64.5
2705,64.1
2706,63.7
2707,63.3
2708,63.5
2709,63.4
2710,63.3
2711,64.0
2712,63.8
2714,62.3
2715,61.5
2716,67.0
2717,60.0
2718,59.3
2719,58.4
2720,57.5
2721,56.3
2722,55.5
2723,54.9
2724,53.2
2725,51.3
2726,51.0
2727,48.8
2728,47.7
2729,46.6
2730,71.3
2731,78.0
2732,71.0
2733,77.0
2734,75.0
2735,69.8
2736,69.2
2737,67.7
2738,67.5
2739,67.7
2740,67.0
2741,67.4
2742,67.6
2743,67.6
2744,67.7
2745,67.5
2746,77.1
2747,76.9
2748,76.7
2749,76.5
2750,76.3
2751,76.2
2752,76.0
2753,75.8
2754,75.6
2755,75.4
2756,75.3
2757,75.1
2758,74.9
2759,74.7
2760,74.5
2761,74.2
2762,81.2
2763,81.0
2764,87.0
2765,86.0
2766,86.0
2767,82.0
2768,81.0
2769,79.6
2770,79.5
2771,79.3
2772,79.0
2773,78.8
2774,78.3
2775,78.2
2776,78.0
2777,77.8
2778,61.8
2779,67.0
2780,59.7
2781,58.6
2782,58.3
2783,57.5
2784,56.9
2785,56.2
2786,54.5
2787,53.1
2788,52.2
2789,51.5
2790,58.0
2791,52.0
2792,49.6
2793,49.2
2794,79.3
2795,79.1
2796,78.9
2797,78.8
2798,78.7
2799,78.7
2800,78.5
2801,78.2
2802,78.1
2803,77.8
2804,77.5
2805,77.5
2806,77.2
2807,77.0
2808,76.9
2809,76.8
2810,77.0
2811,76.8
2812,76.8
2813,76.5
2814,77.0
2815,76.3
2816,76.6
2817,76.4
2818,75.4
2819,76.2
2820,75.7
2821,75.4
2822,75.4
2823,75.4
2824,75.2
2825,75.1
2826,69.4
2827,69.2
2828,69.1
2829,68.8
2830,68.5
2831,68.3
2832,68.0
2833,67.9
2834,67.8
2835,67.6
2836,67.3
2837,67.8
2838,67.2
2839,67.1
2840,67.4
2841,67.1
2842,72.0
2843,71.7
2844,71.6
2845,71.4
2846,71.2
2847,71.0
2848,78.0
2849,75.0
2850,73.0
2851,71.0
2852,69.9
2853,69.6
2854,69.4
2855,69.3
2856,69.1
2857,69.0
2858,74.1
2859,73.9
2860,73.8
2861,73.7
2862,73.8
2863,73.7
2864,73.6
2865,73.2
2866,73.4
2867,73.6
2868,73.6
2869,73.3
2870,72.4
2871,73.1
2872,72.5
2873,72.5
2874,76.0
2875,75.9
2876,75.7
2877,75.6
2878,75.4
2879,75.2
2880,75.0
2881,74.9
2882,74.7
2883,74.6
2884,74.4
2885,74.2
2886,74.0
2887,73.8
2888,73.6
2889,73.4
2890,65.7
2891,65.4
2892,65.4
2893,64.7
2894,64.6
2895,64.4
2896,64.1
2897,63.8
2898,63.4
2899,63.0
2900,62.6
2901,62.2
2902,61.9
2903,61.5
2904,61.1
2905,68.0
2906,61.8
2907,61.1
2908,63.0
2909,59.2
2910,58.2
2911,58.0
2912,57.4
2913,55.7
2914,52.6
2915,58.0
2916,49.3
2917,47.9
2918,46.4
2919,45.5
2920,44.6
2921,43.8
2922,67.0
2923,59.2
2924,58.0
2925,56.6
2926,54.9
2927,52.4
2928,50.0
2929,48.2
2930,46.6
2931,45.4
2932,44.6
2933,44.3
2934,44.5
2935,44.8
2936,45.3
2937,46.0
